,ct,el,er,t
0,0.0,0.0,0.0,0.9918487071990967
1,0.0,100.0,-19.81197635197635,65.29668164253235
2,0.0,100.0,-23.00850952458038,134.70161271095276
3,0.0,100.0,-19.438080458079206,189.74149012565613
4,0.0,100.0,-15.345671244579414,239.63554286956787
5,0.0,100.0,-20.2405028836048,300.62543749809265
6,0.0,100.0,-21.951836415496512,359.4237337112427
7,0.0,100.0,-17.857913027721146,418.4925858974457
8,0.0,100.0,-19.750137455255917,466.616183757782
9,0.0,100.0,-18.949677757556874,511.53922295570374
10,0.0,100.0,-19.010105939534093,564.0528855323792
11,0.0,100.0,-16.833018510829742,628.7800490856171
12,0.0,46.0,8.288872681414293,651.6544370651245
13,0.0,100.0,-19.629555081604916,712.7826697826385
14,0.0,100.0,-18.232584009858765,745.4408628940582
15,0.0,100.0,-17.214410986178475,798.1968908309937
16,0.0,100.0,-16.442867123508755,848.9877181053162
17,0.0,100.0,-17.35469709172249,904.2302966117859
18,0.0,25.0,11.947356652076405,924.1383407115936
19,0.0,100.0,-14.110368417988667,989.1696121692657
20,0.0,30.0,11.263618083040386,1005.0383372306824
21,0.0,100.0,-15.496248833060456,1050.8685684204102
22,0.0,100.0,-16.579796113156693,1100.1925039291382
23,0.0,15.0,14.419869236416273,1109.9539432525635
24,0.0,100.0,-15.913574657973463,1163.0239672660828
25,0.0,100.0,-15.874079155445148,1195.3589491844177
26,0.0,100.0,-17.345583851288072,1241.4571504592896
27,0.0,100.0,-17.574550211482887,1275.8617029190063
28,0.0,25.0,11.932941120817585,1290.0233840942383
29,0.0,32.0,10.353789928594251,1305.714534521103
30,0.0,74.0,2.0834291299188283,1341.6968224048615
31,0.0,100.0,-14.557375135868853,1384.7749478816986
32,0.0,100.0,-15.416186043151196,1426.9132511615753
33,0.0,100.0,-20.10544783408489,1482.8655896186829
34,0.0,100.0,-17.843537988397408,1537.3010823726654
35,0.0,23.0,12.42319682273706,1551.361340522766
36,0.0,22.0,12.79329573440007,1564.7811696529388
37,0.0,100.0,-16.149715426930015,1600.2927610874176
38,0.0,12.0,14.374783393437896,1608.6717510223389
39,0.0,100.0,-16.792539127279746,1652.2435586452484
40,0.0,19.0,13.195399407955854,1663.7805988788605
41,0.0,22.0,12.387123328994914,1675.5328052043915
42,0.0,20.0,12.901358524767696,1686.3410041332245
43,0.0,14.0,13.996149753431531,1695.159701347351
44,0.0,100.0,-17.030181678897275,1749.211627960205
45,0.0,100.0,-15.298248012770374,1789.8598191738129
46,0.0,25.0,11.893699995661406,1804.8392555713654
47,0.0,25.0,11.900796864661295,1815.4496936798096
48,0.0,100.0,-17.680075578752298,1862.5428400039673
49,0.0,21.0,12.847732525957019,1871.8748943805695
50,0.0,100.0,-15.633718186880797,1903.3202722072601
51,0.0,100.0,-19.307202034108027,1960.2279162406921
52,0.0,100.0,-18.238704576151527,2000.219822883606
53,0.0,16.0,13.565546978678825,2010.04966878891
54,0.0,13.0,14.387773123980356,2018.2631001472473
55,0.0,100.0,-17.0877525710127,2066.5981023311615
56,0.0,100.0,-17.171608301871782,2110.4569067955017
57,0.0,13.0,14.34003005091811,2119.0664188861847
58,0.0,19.0,12.929565439417338,2129.6972839832306
59,0.0,13.0,14.449955511647296,2137.947237253189
60,0.0,17.0,14.11111860460701,2148.5514125823975
61,0.0,100.0,-15.721038571191599,2201.5113894939423
62,0.0,100.0,-15.307767136593252,2254.319338321686
63,0.0,14.0,14.01619864956026,2263.3376355171204
64,0.0,100.0,-16.210912730677542,2298.590592622757
65,0.0,100.0,-19.930767333809428,2344.5961413383484
66,0.0,13.0,14.629763506266151,2352.5343523025513
67,0.0,100.0,-16.470257493831117,2400.513598918915
68,0.0,16.0,13.803001081114145,2410.44921541214
69,0.0,100.0,-14.460632804136022,2450.8046243190765
70,0.0,100.0,-15.675684041354955,2501.118382692337
71,0.0,100.0,-17.36052499625285,2553.753050804138
72,0.0,20.0,12.770029197016843,2571.16131234169
73,0.0,100.0,-15.004988898192943,2619.479382276535
74,0.0,14.0,14.08292499690869,2628.3577382564545
75,0.0,100.0,-18.339314231848977,2688.279499053955
76,0.0,100.0,-15.492919124554248,2744.57005238533
77,0.0,27.0,11.933994192524013,2759.666323184967
78,0.0,12.0,14.542957206237713,2772.95818901062
79,0.0,12.0,14.488838857168481,2780.9842054843903
80,0.0,14.0,13.963860426984406,2790.1070325374603
81,0.0,100.0,-16.431612557605234,2813.0483350753784
82,0.0,13.0,14.472535209315108,2827.095574617386
83,0.0,100.0,-16.320626269600627,2863.299560546875
84,0.0,23.0,12.185783578943727,2873.531926870346
85,0.0,100.0,-14.330528505539512,2916.500361442566
86,0.0,18.0,13.173243835031228,2926.8829283714294
87,0.0,100.0,-14.582230518017166,2978.730432510376
88,0.0,13.0,14.322270724046763,2987.754115343094
89,0.0,12.0,14.846620037006726,2995.2084004879
90,0.0,100.0,-16.67368760975801,3034.8179342746735
91,0.0,38.0,9.249335718258077,3050.0968878269196
92,0.0,14.0,14.005305735739363,3062.8585183620453
93,0.0,15.0,13.956246429251467,3072.844851732254
94,0.0,26.0,11.538441543346908,3083.4000420570374
95,0.0,11.0,14.690059805221928,3091.340844154358
96,0.0,16.0,13.869145428269716,3099.973624944687
97,0.0,11.0,14.603513292827177,3107.7236802577972
98,0.0,33.0,10.174077292113392,3118.9792132377625
99,0.0,100.0,-15.389332204167479,3147.878174304962
100,0.0,22.0,12.624695829776538,3158.9556238651276
101,0.0,12.0,14.67802295556158,3171.901193857193
102,0.0,100.0,-15.309161228775542,3220.8477082252502
103,0.0,100.0,-15.390184188235036,3246.7438604831696
104,0.0,14.0,14.117475929512299,3256.1561195850372
105,0.0,15.0,13.825347033398483,3266.2751111984253
106,0.0,100.0,-18.14793865855578,3323.763035058975
107,0.0,100.0,-17.099408499534842,3367.876196861267
108,0.0,15.0,13.975409608644597,3377.7587394714355
109,0.0,18.0,13.296046789941757,3389.1035945415497
110,0.0,15.0,14.05844603902004,3398.9521090984344
111,0.0,100.0,-17.064567694843625,3447.433445215225
112,0.0,12.0,14.455411079298138,3455.5384995937347
113,0.0,100.0,-20.150110268245548,3513.058625936508
114,0.0,100.0,-15.959099068594442,3559.2714540958405
115,0.0,14.0,14.212415271148105,3579.3257434368134
116,0.0,10.0,14.813344569385041,3586.714992761612
117,0.0,100.0,-15.324955289112541,3621.2122707366943
118,0.0,100.0,-17.501439712017426,3657.558115005493
119,0.0,13.0,14.400703769071171,3666.3210504055023
120,0.0,11.0,14.758344113373914,3673.6179332733154
121,0.0,14.0,14.225064741562282,3682.968045949936
122,0.0,15.0,14.400346758431724,3692.627722978592
123,0.0,100.0,-14.329279098989772,3715.6177711486816
124,0.0,29.0,11.35361085234703,3726.296056509018
125,0.0,12.0,14.407429479691583,3734.697820663452
126,0.0,11.0,14.623282058875372,3742.500275373459
127,0.0,12.0,15.128738185455909,3750.7327692508698
128,0.0,11.0,14.881948083171277,3758.386858701706
129,0.0,14.0,14.370939677066014,3768.0488862991333
130,0.0,36.0,9.650284678638549,3779.7131464481354
131,0.0,11.0,14.725445877953687,3787.6700913906097
132,0.0,100.0,-18.835432272153252,3830.925482273102
133,0.0,11.0,14.985115273183244,3838.892176628113
134,0.0,100.0,-19.674537413482565,3880.9329586029053
135,0.0,11.0,15.005656985185043,3888.703521966934
136,0.0,18.0,13.44668044223032,3898.477673768997
137,0.0,10.0,14.817329891088637,3910.5383524894714
138,0.0,72.0,2.4776851606688988,3931.511816263199
139,0.0,100.0,-16.55387748772314,3952.4621024131775
140,0.0,10.0,15.029910319404818,3959.8958575725555
141,0.0,100.0,-14.725854981708771,3985.383888244629
142,0.0,100.0,-17.358187287078835,4017.695951938629
143,0.0,23.0,12.256835632072661,4026.0510506629944
144,0.0,43.0,8.37909361577173,4041.3107748031616
145,0.0,22.0,12.443570757816273,4049.607656478882
146,0.0,11.0,14.718040323769063,4056.9518558979034
147,0.0,10.0,14.841465167417557,4063.8514993190765
148,0.0,21.0,12.563226737827067,4074.297194004059
149,0.0,10.0,15.20471345148242,4081.7371315956116
150,0.0,10.0,14.859108816171748,4089.3944041728973
151,0.0,10.0,14.99206847072198,4096.765487909317
152,0.0,100.0,-17.900834850533307,4118.786855459213
153,0.0,100.0,-15.31277208680148,4137.025058507919
154,0.0,11.0,14.607432631274701,4144.487991809845
155,0.0,11.0,14.996953093546185,4151.741554260254
156,0.0,12.0,14.755176392368378,4165.832091331482
157,0.0,55.0,5.76163812981288,4177.9289491176605
158,0.0,12.0,14.38313441396295,4185.972829818726
159,0.0,14.0,14.506607551433046,4193.393874168396
160,0.0,13.0,14.656013227060594,4201.446457862854
161,0.0,100.0,-17.518196084006036,4245.928556680679
162,0.0,8.0,15.206803496204735,4251.944367170334
163,0.0,10.0,15.157039562820602,4264.385416507721
164,0.0,100.0,-14.749132904464135,4301.750386714935
165,0.0,9.0,15.039091922604031,4308.553124189377
166,0.0,8.0,15.29335449819126,4314.715978384018
167,0.0,13.0,14.52851826906009,4328.560678243637
168,0.0,100.0,-16.171451460376193,4339.705064058304
169,0.0,100.0,-16.468821091139688,4363.349902153015
170,0.0,100.0,-13.847576805534203,4378.583806037903
171,0.0,100.0,-16.021057045163705,4406.121271133423
172,0.0,100.0,-15.757325008667614,4428.571713209152
173,0.0,9.0,15.191219140062517,4440.261122703552
174,0.0,26.0,11.577010579721215,4451.347126245499
175,0.0,10.0,14.88514781572249,4458.151868343353
176,0.0,10.0,15.111340584286477,4465.233539104462
177,0.0,100.0,-15.03860926590199,4493.079184055328
178,0.0,12.0,14.56147885684094,4500.032276153564
179,0.0,10.0,15.00948106106665,4506.90901350975
180,0.0,10.0,14.971491016783519,4514.4188323020935
181,0.0,13.0,14.413561119184308,4523.22164106369
182,0.0,12.0,14.451801761561399,4536.481218099594
183,0.0,9.0,15.094504933104215,4542.801692724228
184,0.0,100.0,-15.920004934775047,4573.991336107254
185,0.0,10.0,15.150989938827372,4581.588801383972
186,0.0,10.0,14.81137794072073,4588.576545238495
187,0.0,100.0,-15.585745650985585,4609.691550016403
188,0.0,14.0,14.012701490332308,4617.892830848694
189,0.0,84.0,0.25571497993867887,4631.972716331482
190,0.0,100.0,-15.546469273527029,4652.382840156555
191,0.0,11.0,14.617163661655752,4660.02182841301
192,0.0,11.0,14.595781749291442,4667.234539270401
193,0.0,10.0,15.02892384224021,4674.491155385971
194,0.0,10.0,14.763819483183898,4681.801045894623
195,0.0,12.0,14.590207188431542,4689.667741537094
196,0.0,10.0,14.9517187214959,4696.609223604202
197,0.0,10.0,14.79383861466144,4704.319854021072
198,0.0,13.0,14.217815102471933,4713.55220246315
199,0.0,12.0,14.64628173030605,4721.937376022339
200,0.0,11.0,14.720758358121971,4729.782702445984
201,0.0,9.0,14.983568432925917,4736.522994279861
202,0.0,9.0,15.237383055919459,4748.1594705581665
203,0.0,13.0,14.404680196045522,4757.036241769791
204,0.0,10.0,14.811873914258133,4764.03419303894
205,0.0,14.0,14.156072904922947,4772.9166560173035
206,0.0,9.0,15.179772705983336,4779.9564204216
207,0.0,12.0,14.645000187999303,4788.6788585186005
208,0.0,11.0,14.673428556880587,4796.057479381561
209,0.0,10.0,14.859497020888762,4803.172606468201
210,0.0,27.0,11.42653181396928,4812.678544521332
211,0.0,12.0,14.598535893209153,4821.005642414093
212,0.0,100.0,-17.271037120478354,4861.664431333542
213,0.0,15.0,14.086561488243337,4870.043550729752
214,0.0,19.0,13.173732036670744,4879.000197887421
215,0.0,11.0,15.281058145969244,4886.957199573517
216,0.0,11.0,14.614109929360147,4895.148422956467
217,0.0,100.0,-15.038747774872705,4921.8128781318665
218,0.0,21.0,12.851866236964113,4938.7381682395935
219,0.0,13.0,14.336075714962691,4948.206671476364
220,0.0,11.0,14.867321995960197,4955.8513033390045
221,0.0,9.0,15.229150073116184,4962.838249921799
222,0.0,12.0,14.559447186396788,4970.98227930069
223,0.0,100.0,-17.41818017973608,5009.8063061237335
224,0.0,9.0,15.088678838402783,5016.501360416412
225,0.0,100.0,-17.617817962365162,5069.989108085632
226,0.0,10.0,15.234032826112287,5082.292578697205
227,0.0,100.0,-16.85258084190974,5103.736777305603
228,0.0,10.0,15.007559209990628,5110.9439833164215
229,0.0,100.0,-17.247044713604378,5157.037757396698
230,0.0,10.0,15.186692682333462,5164.556925296783
231,0.0,13.0,14.646544457419454,5173.22690987587
232,0.0,13.0,14.465219422464962,5187.163974523544
233,0.0,10.0,15.156171611944028,5199.396381616592
234,0.0,12.0,15.18967133663461,5211.804483890533
235,0.0,11.0,14.936065738510699,5219.850057840347
236,0.0,48.0,7.318651192672438,5237.777086257935
237,0.0,11.0,14.657455582479502,5245.134256839752
238,0.0,9.0,15.300133544611207,5252.187173843384
239,0.0,20.0,12.831874139208448,5262.944778680801
240,0.0,15.0,14.078654317689097,5271.4704966545105
241,0.0,10.0,15.090824327763062,5278.8239324092865
242,0.0,11.0,14.72499321778211,5286.473898410797
243,0.0,10.0,14.854176646019157,5293.725423812866
244,0.0,100.0,-14.358729600886468,5311.647700786591
245,0.0,9.0,14.9857187002859,5318.347064256668
246,0.0,9.0,14.977342311456045,5325.239223241806
247,0.0,12.0,14.564607111595178,5338.272604942322
248,0.0,23.0,12.790536218618183,5349.052368402481
249,0.0,10.0,15.082142287204672,5361.383756875992
250,0.0,10.0,14.818605200052748,5373.446158885956
251,0.0,9.0,14.963470531100274,5380.240842819214
252,0.0,11.0,14.714602701789456,5387.8658611774445
253,0.0,100.0,-16.080692914358256,5402.90679526329
254,0.0,100.0,-16.181838248131573,5424.131355047226
255,0.0,10.0,15.092204845356648,5431.451600551605
256,0.0,9.0,15.103456164364117,5438.474731206894
257,0.0,10.0,14.78266592595995,5450.630409955978
258,0.0,9.0,15.2787615888953,5457.509796619415
259,0.0,10.0,14.872234165550417,5466.702016115189
260,0.0,100.0,-17.70101899251376,5516.904582023621
261,0.0,10.0,15.01751994390995,5524.0841109752655
262,0.0,100.0,-17.709820136705133,5561.899725437164
263,0.0,100.0,-16.292100004226693,5577.2755835056305
264,0.0,10.0,14.980954226150168,5584.409154891968
265,0.0,100.0,-14.357105505785363,5604.993250370026
266,0.0,13.0,14.356976249859796,5612.259391069412
267,0.0,100.0,-17.224678330906027,5660.197055578232
268,0.0,100.0,-13.646782186166437,5682.490592241287
269,0.0,11.0,14.97641989426269,5689.865299940109
270,0.0,94.0,-1.8172117009198132,5703.599771738052
271,0.0,18.0,13.319896927773248,5711.775537014008
272,0.0,9.0,15.377671614541,5718.549829483032
273,0.0,41.0,8.762896026557385,5730.32068157196
274,0.0,64.0,4.086820273289719,5746.908247470856
275,0.0,11.0,15.083221881891482,5754.485154390335
276,0.0,11.0,14.756776134575901,5761.746066808701
277,0.0,13.0,14.238058690293169,5771.000066757202
278,0.0,72.0,2.765725384215803,5788.439173936844
279,0.0,22.0,12.492089264855249,5802.205050230026
280,0.0,14.0,14.336505062741264,5811.288483142853
281,0.0,100.0,-14.212913753053524,5837.446805715561
282,0.0,11.0,14.753995613135384,5845.1733067035675
283,0.0,16.0,13.844304013383475,5857.897828578949
284,0.0,25.0,11.913220425681054,5866.728109359741
285,0.0,22.0,12.471337810700508,5875.528209447861
286,0.0,13.0,14.312486316256065,5883.453954219818
287,0.0,96.0,-2.297542722610885,5896.6042692661285
288,0.0,17.0,13.497307250289406,5905.631625175476
289,0.0,17.0,13.450299823754365,5920.290003538132
290,0.0,15.0,13.91686306706589,5929.5629897117615
291,0.0,100.0,-18.60748175580051,5966.361705541611
292,0.0,18.0,13.325285090261549,5980.681110620499
293,0.0,14.0,14.03617919918263,5989.7442836761475
294,0.0,100.0,-17.791385037761668,6045.724319458008
295,0.0,100.0,-18.188281839161906,6101.944615364075
296,0.0,100.0,-17.789302426982257,6153.270529747009
297,0.0,11.0,14.759839183779455,6160.3057425022125
298,0.0,14.0,14.156836028035936,6169.159034252167
299,0.0,11.0,14.745620048274791,6176.339431285858
300,0.0,12.0,14.585001639837557,6188.23708319664
301,0.0,14.0,14.19259925159458,6197.248737812042
302,0.0,12.0,14.695139139979819,6204.879478216171
303,0.0,13.0,14.208013829694533,6212.633477687836
304,0.0,100.0,-17.553711542928713,6261.23269701004
305,0.0,14.0,13.953254795128341,6269.846131324768
306,0.0,12.0,14.795665394996416,6277.490797281265
307,0.0,10.0,15.077042562052362,6294.5038640499115
308,0.0,100.0,-17.522578634935613,6347.624827384949
309,0.0,12.0,14.356410114062351,6355.921597242355
310,0.0,10.0,14.759686027273972,6363.243633031845
311,0.0,14.0,14.050452846976714,6372.0819211006165
312,0.0,20.0,13.438864472341637,6382.921346187592
313,0.0,11.0,14.583904381921986,6390.542211294174
314,0.0,11.0,14.884119230369027,6398.198940992355
315,0.0,12.0,14.671197190753293,6411.256989955902
316,0.0,11.0,14.625404536963066,6418.891662120819
317,0.0,11.0,14.897910720209266,6426.525010347366
318,0.0,12.0,14.60462518746831,6434.602675437927
319,0.0,12.0,14.377626217529052,6443.02440237999
320,0.0,10.0,14.873259690195791,6449.9929666519165
321,0.0,12.0,14.57515174752598,6458.303419589996
322,0.0,100.0,-16.28777096066345,6485.649044275284
323,0.0,29.0,11.471141055876746,6497.203892469406
324,0.0,10.0,14.863071088738433,6505.44207072258
325,0.0,100.0,-15.969909585737135,6517.8869478702545
326,0.0,12.0,14.439236622892638,6525.064759492874
327,0.0,10.0,14.788228452641286,6532.408322572708
328,0.0,13.0,14.320209260280674,6540.209155321121
329,0.0,10.0,15.069966782307983,6547.631145000458
330,0.0,26.0,11.876476026645488,6558.843848228455
331,0.0,100.0,-19.18821705372676,6595.248044967651
332,0.0,100.0,-17.45345168780813,6636.380301952362
333,0.0,10.0,14.85322200851676,6643.7552309036255
334,0.0,10.0,15.216183050529134,6651.087657690048
335,0.0,13.0,14.166345576765757,6660.232421636581
336,0.0,15.0,13.87730536670033,6669.768799543381
337,0.0,32.0,11.081709473233213,6679.762793064117
338,0.0,44.0,8.086868955589027,6692.301826477051
339,0.0,30.0,11.087042297613737,6704.010807275772
340,0.0,18.0,13.765737456215286,6712.702028751373
341,0.0,100.0,-15.782170105323278,6728.936361074448
342,0.0,13.0,14.292502282103055,6736.55752325058
343,0.0,12.0,14.383768014300426,6744.5812401771545
344,0.0,16.0,13.725707134222066,6751.791860818863
345,0.0,11.0,14.874892668865034,6764.633693218231
346,0.0,58.0,5.192942064280627,6777.524324417114
347,0.0,18.0,13.547397786520632,6791.086387634277
348,0.0,43.0,8.222106692393183,6803.488592386246
349,0.0,11.0,14.673834589086075,6816.222642183304
350,0.0,14.0,14.412846349894208,6826.351835727692
351,0.0,50.0,7.526116810545765,6840.927667379379
352,0.0,12.0,14.678188819282639,6849.111332416534
353,0.0,10.0,14.901965726328614,6856.466756105423
354,0.0,26.0,11.932806351986608,6865.232426166534
355,0.0,30.0,10.762164391533902,6877.488516569138
356,0.0,100.0,-17.043767162439458,6906.117209434509
357,0.0,40.0,8.966710700843963,6915.5386707782745
358,0.0,11.0,14.80130444745419,6923.186808586121
359,0.0,13.0,14.775365943615554,6931.409635066986
360,0.0,13.0,14.496003046545782,6939.99533367157
361,0.0,10.0,15.339839032907154,6947.307867050171
362,0.0,15.0,14.131826624329257,6956.181484460831
363,0.0,11.0,14.870837486993155,6969.024685144424
364,0.0,21.0,12.642119920315162,6977.625905275345
365,0.0,11.0,15.035335424073205,6984.853157758713
366,0.0,19.0,13.024635723055983,6994.036768913269
367,0.0,12.0,14.801831758076164,7002.1023778915405
368,0.0,15.0,13.966191911668025,7011.700832366943
369,0.0,17.0,13.568897912279752,7021.67075586319
370,0.0,19.0,13.40654269495524,7033.473497390747
371,0.0,15.0,13.904834069211677,7042.902901649475
372,0.0,13.0,14.37671761018017,7050.471684217453
373,0.0,10.0,15.01846242332302,7057.719176530838
374,0.0,12.0,14.731976414956637,7065.413209438324
375,0.0,14.0,14.191672100927953,7074.572482585907
376,0.0,13.0,14.200469744631762,7092.379011631012
377,0.0,13.0,14.636296750157946,7100.765654563904
378,0.0,100.0,-18.278717322289666,7154.043774604797
379,0.0,19.0,13.124154380327008,7164.820144414902
380,0.0,100.0,-17.884536028247005,7220.575572967529
381,0.0,14.0,14.025217964202135,7229.889723300934
382,0.0,26.0,11.706280043791482,7243.951420068741
383,0.0,13.0,14.164595930622212,7252.668861865997
384,0.0,15.0,13.81704294216241,7262.551746845245
385,0.0,10.0,14.924481807889759,7269.584046125412
386,0.0,11.0,14.93077346161707,7277.375942468643
387,0.0,15.0,13.884506773000751,7290.95195889473
388,0.0,13.0,14.283799957191297,7299.125767230988
389,0.0,18.0,13.441329866118902,7310.8915143013
390,0.0,9.0,14.991451834067359,7317.942195177078
391,0.0,45.0,7.75851788995856,7332.629412412643
392,0.0,25.0,12.172251692764236,7345.353979110718
393,0.0,36.0,9.939217648074418,7358.746361732483
394,0.0,13.0,14.525641602715387,7367.18416261673
395,0.0,100.0,-17.50578223486948,7423.029143571854
396,0.0,13.0,14.197771098137917,7431.8064506053925
397,0.0,23.0,12.393479186947898,7441.293075084686
398,0.0,49.0,7.134518622261555,7459.431282043457
399,0.0,23.0,12.624899528266258,7468.448754787445
400,0.0,11.0,14.95580974320265,7476.460433483124
401,0.0,21.0,13.271029241112622,7487.341607809067
402,0.0,10.0,14.997976023147068,7495.059853315353
403,0.0,11.0,14.73212836700516,7502.788422584534
404,0.0,32.0,10.451565722467812,7514.3501896858215
405,0.0,11.0,14.888012493459383,7527.28545999527
406,0.0,16.0,13.953814179339872,7537.00424861908
407,0.0,16.0,13.592498805085128,7547.733346223831
408,0.0,20.0,12.77968409971928,7558.598633766174
409,0.0,11.0,14.910301561695627,7566.4150404930115
410,0.0,11.0,14.919579875193303,7579.393146038055
411,0.0,18.0,13.172997901251827,7589.532181978226
412,0.0,45.0,7.782022642114732,7608.444122076035
413,0.0,11.0,14.752613345758752,7616.199716329575
414,0.0,10.0,15.016546879208946,7623.805280208588
415,0.0,11.0,14.897055135003725,7631.455754995346
416,0.0,12.0,14.684969425119649,7639.272273540497
417,0.0,11.0,14.628898306065569,7647.303080797195
418,0.0,10.0,15.03629463965443,7654.5936958789825
419,0.0,100.0,-15.58686945054934,7679.271574258804
420,0.0,19.0,13.601589545966744,7692.3676335811615
421,0.0,10.0,14.85410407201604,7700.038949728012
422,0.0,42.0,8.444029729325104,7713.501767158508
423,0.0,11.0,14.707230657749545,7721.126672506332
424,0.0,10.0,15.27705110930929,7733.702759027481
425,0.0,33.0,10.534058274805979,7747.179185390472
426,0.0,100.0,-17.767520425231567,7763.5996034145355
427,0.0,12.0,14.797775315489563,7772.193217754364
428,0.0,11.0,14.703315501534345,7779.3275055885315
429,0.0,25.0,11.787118288535492,7788.069541692734
430,0.0,9.0,15.172005372404852,7794.844821214676
431,0.0,12.0,14.468264168934375,7803.118634700775
432,0.0,10.0,15.061134655873259,7810.540711641312
433,0.0,16.0,14.214650123054675,7820.159593582153
434,0.0,13.0,14.390921731145882,7828.022241353989
435,0.0,13.0,14.754787068856363,7836.754552125931
436,0.0,16.0,14.201039187190473,7844.5595536231995
437,0.0,11.0,14.831228412500298,7852.258479595184
438,0.0,20.0,13.111688678332637,7862.617933988571
439,0.0,12.0,15.057966332044735,7870.008754491806
440,0.0,10.0,14.771317184211089,7877.449811935425
441,0.0,10.0,14.822631527841096,7889.791551828384
442,0.0,20.0,13.061271203437963,7899.971517801285
443,0.0,10.0,14.893295000863857,7908.612496614456
444,0.0,11.0,14.580116494522741,7916.658463001251
445,0.0,16.0,13.798876102732972,7930.607513189316
446,0.0,100.0,-18.98835491247675,7975.267532110214
447,0.0,100.0,-14.66803514265947,7994.433594703674
448,0.0,12.0,14.921296241420578,8002.499653816223
449,0.0,21.0,12.775897331857493,8011.132564544678
450,0.0,15.0,14.025812229476513,8021.245551586151
451,0.0,12.0,14.619304217349487,8028.898286104202
452,0.0,11.0,14.630736227954518,8036.513131856918
453,0.0,100.0,-16.523050342591088,8053.84675526619
454,0.0,14.0,14.078653693092985,8062.456299066544
455,0.0,18.0,13.372554589745524,8071.921362876892
456,0.0,25.0,12.283489949147985,8082.159385681152
457,0.0,100.0,-18.958814867166527,8115.194505691528
458,0.0,12.0,14.454859787066031,8123.520975828171
459,0.0,11.0,14.845452391594986,8131.37407875061
460,0.0,33.0,10.296780782682642,8142.209557056427
461,0.0,12.0,14.459890458154256,8149.545332670212
462,0.0,100.0,-17.927541093024793,8180.492912769318
463,0.0,100.0,-15.66468135788158,8202.168096065521
464,0.0,10.0,15.228213066303745,8209.74993634224
465,0.0,17.0,13.697450148072168,8218.156472921371
466,0.0,18.0,13.380403544614223,8227.466759204865
467,0.0,16.0,13.733953644581147,8236.865519046783
468,0.0,10.0,15.01724206764819,8245.263684034348
469,0.0,9.0,15.209591933158794,8252.398524999619
470,0.0,10.0,14.868046921363735,8259.89142370224
471,0.0,11.0,14.716000846677439,8267.972444295883
472,0.0,10.0,15.012377627898143,8275.418691635132
473,0.0,11.0,14.821350470274144,8283.070407629013
474,0.0,12.0,14.765606178763313,8296.157715320587
475,0.0,11.0,14.888704884829801,8304.84900355339
476,0.0,22.0,12.869339512721298,8315.52864074707
477,0.0,11.0,14.822827854590072,8323.411414861679
478,0.0,10.0,15.291825333361755,8330.825305700302
479,0.0,10.0,15.249757740893521,8338.54592013359
480,0.0,10.0,14.765581811471655,8346.430449724197
481,0.0,9.0,15.06649973912204,8353.217906951904
482,0.0,12.0,14.400923930826764,8361.479588747025
483,0.0,83.0,0.517733706507002,8374.742999315262
484,0.0,16.0,14.071970780242914,8385.078902959824
485,0.0,9.0,15.170395986034794,8397.088643312454
486,0.0,12.0,14.78956613703608,8404.918429136276
487,0.0,10.0,15.023855836442424,8412.366057395935
488,0.0,10.0,14.962246079887354,8424.797482967377
489,0.0,10.0,15.117063653483646,8432.250518798828
490,0.0,9.0,15.31753425598169,8439.073040246964
491,0.0,9.0,15.584361022825362,8446.072578191757
492,0.0,10.0,15.317832444385697,8453.349840402603
493,0.0,9.0,15.231831745361752,8465.168202638626
494,0.0,10.0,14.88024513705562,8472.232644319534
495,0.0,14.0,14.284302147344066,8480.218358516693
496,0.0,100.0,-18.336959612726734,8516.218946695328
497,0.0,9.0,15.176633218320763,8523.144491434097
498,0.0,14.0,14.277054322511693,8532.392384529114
499,0.0,11.0,14.59341289980095,8539.202996492386
500,0.0,13.0,14.477093932273817,8547.345230817795
501,0.0,10.0,14.914895739234154,8555.991712093353
502,0.0,12.0,14.535366848075066,8563.753353357315
503,0.0,100.0,-17.697855289334914,8596.828259706497
504,0.0,11.0,14.788113955133,8604.294146299362
505,0.0,10.0,14.944868286192598,8611.92486834526
506,0.0,49.0,6.967265182875018,8625.93844628334
507,0.0,11.0,14.912472599904621,8638.208046913147
508,0.0,11.0,14.667608107745792,8646.213955879211
509,0.0,9.0,15.083496158164614,8653.067163228989
510,0.0,14.0,14.312740745830977,8661.773108005524
511,0.0,11.0,14.86097341135817,8669.752125024796
512,0.0,20.0,13.493309251249489,8678.729165554047
513,0.0,13.0,14.429229810734606,8691.695177793503
514,0.0,10.0,15.100403990879926,8699.26061630249
515,0.0,11.0,14.831297430920172,8712.299152612686
516,0.0,11.0,14.888959725982552,8720.287543058395
517,0.0,10.0,14.79186113653831,8727.492408752441
518,0.0,10.0,14.877893211223519,8734.801060438156
519,0.0,11.0,14.73913020235649,8742.578185081482
520,0.0,32.0,10.438243546197603,8753.693481683731
521,0.0,9.0,15.012089035604532,8760.733323335648
522,0.0,9.0,14.987455107827113,8767.757613420486
523,0.0,13.0,14.663144505625818,8777.206916332245
524,0.0,12.0,14.382626615705249,8785.33019900322
525,0.0,12.0,14.897119659654475,8793.31811451912
526,0.0,10.0,14.819870164127575,8807.478037118912
527,0.0,11.0,14.673755095863404,8815.388306617737
528,0.0,30.0,10.91754727256934,8825.68523144722
529,0.0,12.0,14.476312652842347,8839.04646062851
530,0.0,21.0,12.60934395673626,8849.21815085411
531,0.0,9.0,15.15720020410167,8855.886098861694
532,0.0,22.0,12.553095917717565,8869.747185707092
533,0.0,10.0,15.401734152398806,8877.081124782562
534,0.0,11.0,14.61917524416992,8884.654809713364
535,0.0,100.0,-16.606185430138865,8925.442551136017
536,0.0,10.0,15.025284549840144,8932.713569641113
537,0.0,9.0,15.068196345402445,8939.780037164688
538,0.0,12.0,14.388842907065417,8946.830038785934
539,0.0,11.0,14.912324541648326,8954.984981536865
540,0.0,10.0,15.088866927296404,8962.565359830856
541,0.0,14.0,14.135697819872652,8971.971254825592
542,0.0,13.0,14.286132918316866,8980.344362258911
543,0.0,100.0,-16.938641067927016,9024.843838453293
544,0.0,15.0,13.796889314112969,9034.470766305923
545,0.0,12.0,14.455510353934493,9044.016016244888
546,0.0,14.0,14.152012248503546,9052.290944099426
547,0.0,100.0,-16.52095829176708,9066.83964419365
548,0.0,13.0,14.38237066490628,9074.248151779175
549,0.0,18.0,13.436864601502855,9083.218321084976
550,0.0,9.0,15.236108589784077,9089.90392947197
551,0.0,9.0,15.20763997988318,9097.3842856884
552,0.0,9.0,15.086692380514112,9104.461642980576
553,0.0,12.0,14.446084041665806,9112.099108695984
554,0.0,50.0,7.24998565506538,9130.07990527153
555,0.0,9.0,15.380160606194709,9136.940728902817
556,0.0,15.0,14.28847153840458,9144.839130878448
557,0.0,13.0,14.29398080720836,9153.533002853394
558,0.0,18.0,13.60962251846209,9161.049947738647
559,0.0,11.0,15.052544762733532,9169.279151678085
560,0.0,10.0,15.112397933558828,9176.44465970993
561,0.0,10.0,15.101721163433012,9188.815562009811
562,0.0,12.0,14.543206755645546,9197.024311542511
563,0.0,11.0,14.587627602409526,9205.005959749222
564,0.0,21.0,13.069845804780385,9216.240862131119
565,0.0,100.0,-16.67551377922153,9247.440742015839
566,0.0,11.0,14.56723514578256,9255.31864786148
567,0.0,12.0,14.712119208862754,9263.896811246872
568,0.0,10.0,15.435500203603333,9271.303121805191
569,0.0,10.0,15.025999854097094,9279.247353553772
570,0.0,10.0,14.838041326564353,9286.172234296799
571,0.0,11.0,14.712384927746108,9294.110003709793
572,0.0,10.0,14.986356826188858,9301.109758138657
573,0.0,11.0,14.965580058122406,9314.113692998886
574,0.0,11.0,14.947927547654745,9322.084450483322
575,0.0,10.0,15.261046103330447,9329.62101483345
576,0.0,11.0,14.902737007912362,9337.560409784317
577,0.0,12.0,14.95399524498583,9345.466827869415
578,0.0,9.0,15.144320063943137,9352.193153142929
579,0.0,10.0,15.04321213239976,9359.710624694824
580,0.0,10.0,14.779560040434836,9367.140502214432
581,0.0,100.0,-15.234724969128605,9399.902732610703
582,0.0,11.0,15.020998746388353,9412.70638179779
583,0.0,12.0,14.568839590635832,9421.053112268448
584,0.0,12.0,14.94414949811965,9428.960635662079
585,0.0,100.0,-14.55383119513617,9446.866097450256
586,0.0,11.0,14.636802124602438,9455.881967067719
587,0.0,100.0,-17.474926248868567,9500.586553573608
588,0.0,14.0,13.955015016870274,9508.152860879898
589,0.0,52.0,6.611273957339408,9521.467426300049
590,0.0,9.0,15.458111176537436,9528.186079978943
591,0.0,10.0,14.782115938272687,9536.611065387726
592,0.0,18.0,13.170438553441773,9545.996850728989
593,0.0,10.0,14.917246793167374,9553.32831287384
594,0.0,100.0,-17.90484314189622,9598.829057216644
595,0.0,10.0,14.887666204877851,9606.689365625381
596,0.0,100.0,-16.242796557344395,9660.42183470726
597,0.0,9.0,15.075991917665238,9667.616661071777
598,0.0,11.0,14.6892316496216,9675.357785224915
599,0.0,13.0,14.31114969727783,9684.736048460007
600,0.0,12.0,15.12236890293571,9693.17715716362
601,0.0,10.0,14.904415398763327,9700.51298737526
602,0.0,12.0,14.874104820885691,9713.07321715355
603,0.0,11.0,14.985464784805137,9726.376003026962
604,0.0,11.0,14.989624259035594,9734.039981126785
605,0.0,9.0,14.984403509994838,9740.901220083237
606,0.0,11.0,14.893882957954196,9748.57501745224
607,0.0,11.0,14.637097901982358,9756.369846582413
608,0.0,11.0,14.996685971303554,9764.049649715424
609,0.0,21.0,12.928473643175058,9772.682557106018
610,0.0,10.0,14.845045092764277,9780.09823346138
611,0.0,15.0,13.927577365761856,9789.295512914658
612,0.0,9.0,15.105852068761331,9799.197883605957
613,0.0,9.0,15.107725300161329,9807.805780649185
614,0.0,100.0,-16.360750918747037,9828.039962291718
615,0.0,10.0,15.100637422890893,9836.080237865448
616,0.0,15.0,13.862010142091997,9845.922024726868
617,0.0,9.0,15.122263888567911,9852.841858625412
618,0.0,10.0,15.263943516081337,9860.269303321838
619,0.0,10.0,14.992874680397403,9867.808557987213
620,0.0,20.0,13.238676605275996,9876.349844455719
621,0.0,11.0,15.339823327191715,9884.210867881775
622,0.0,10.0,14.999541661616414,9891.20896935463
623,0.0,10.0,15.124344268848903,9898.907424211502
624,0.0,9.0,15.021780704580985,9910.875919818878
625,0.0,38.0,9.67104841836585,9922.332052469254
626,0.0,9.0,15.101941975395604,9929.15974187851
627,0.0,11.0,14.712997548615455,9937.292934894562
628,0.0,12.0,14.681437612875712,9945.817832708359
629,0.0,11.0,14.681350030324763,9953.587176799774
630,0.0,10.0,14.966080612620853,9960.678899765015
631,0.0,10.0,14.846235995575205,9967.698457479477
632,0.0,9.0,15.429648103919082,9974.321494340897
633,0.0,11.0,15.207808652602724,9986.967988729477
634,0.0,10.0,14.94600989563019,9999.256115674973
635,0.0,9.0,15.317015964134416,10005.868567466736
636,0.0,11.0,14.5828676293165,10013.505405426025
637,0.0,10.0,15.422646938359001,10025.649268388748
638,0.0,10.0,15.271893451085802,10033.045646190643
639,0.0,10.0,15.019587394075845,10040.445486068726
640,0.0,10.0,15.355687902760348,10047.864070177078
641,0.0,9.0,15.20194556127717,10054.509285449982
642,0.0,12.0,14.63871168439704,10062.75262594223
643,0.0,10.0,14.810588226920501,10069.732786655426
644,0.0,9.0,15.063821148658342,10076.621952295303
645,0.0,10.0,15.015156631135657,10085.281576871872
646,0.0,15.0,14.361599778253801,10093.951753854752
647,0.0,25.0,11.779362465045176,10110.367577075958
648,0.0,12.0,14.562714978265193,10118.770394563675
649,0.0,10.0,15.2112316557143,10126.033393144608
650,0.0,9.0,15.146047587336282,10133.072593927383
651,0.0,9.0,15.038198190167439,10140.099623680115
652,0.0,13.0,14.766467849833267,10148.978313922882
653,0.0,12.0,14.645357993925856,10158.096087932587
654,0.0,12.0,14.955642263985137,10167.203148841858
655,0.0,10.0,14.851239380872943,10174.466658830643
656,0.0,15.0,14.353353961270814,10183.175515651703
657,0.0,100.0,-18.197578986001602,10228.419633626938
658,0.0,9.0,15.310014461991784,10235.513313055038
659,0.0,20.0,13.30026200270768,10243.882172584534
660,0.0,9.0,15.35650432712805,10250.511101484299
661,0.0,100.0,-17.041031325999562,10273.391742229462
662,0.0,9.0,15.030103875759563,10280.003175020218
663,0.0,9.0,14.964490534360358,10286.664870977402
664,0.0,10.0,15.441502909718333,10294.15679860115
665,0.0,9.0,15.002062851804723,10300.928563117981
666,0.0,9.0,15.164649658368392,10307.52839231491
667,0.0,10.0,15.126429019852786,10319.842397928238
668,0.0,10.0,15.542864746181678,10327.240993499756
669,0.0,11.0,14.748095793523019,10334.959075450897
670,0.0,100.0,-17.689197603493056,10365.011897802353
671,0.0,12.0,15.135095346524992,10373.47382760048
672,0.0,9.0,15.367535506024751,10380.433855056763
673,0.0,9.0,15.058794739638007,10387.032469272614
674,0.0,11.0,15.074875716351173,10394.068362474442
675,0.0,10.0,14.846911832682785,10400.677772045135
676,0.0,9.0,15.068826254031622,10407.525398492813
677,0.0,9.0,14.980345931406124,10416.781238079071
678,0.0,66.0,4.308139734599924,10433.605298519135
679,0.0,10.0,15.312042146768245,10441.402470350266
680,0.0,11.0,14.710932163642958,10448.70115852356
681,0.0,28.0,11.626907938470461,10457.384740114212
682,0.0,73.0,2.754985442213841,10471.228559494019
683,0.0,9.0,15.366561496616153,10477.800636768341
684,0.0,100.0,-17.7539426237789,10511.300069570541
685,0.0,9.0,15.015337623743116,10517.962257146835
686,0.0,9.0,15.34346061802436,10524.636562108994
687,0.0,10.0,15.085247479481286,10532.055826663971
688,0.0,100.0,-16.04164367233697,10551.638081073761
689,0.0,26.0,11.671981348711073,10567.407462358475
690,0.0,9.0,15.33230593181315,10574.196317434311
691,0.0,9.0,15.252325481193278,10580.807531118393
692,0.0,100.0,-18.552371352520364,10618.531957626343
693,0.0,9.0,15.216899515605851,10630.718867778778
694,0.0,16.0,13.588072143604997,10640.50912976265
695,0.0,26.0,11.604807302250974,10655.314738750458
696,0.0,11.0,14.769751714339943,10662.752108335495
697,0.0,11.0,14.73450586642727,10670.63904619217
698,0.0,11.0,15.267244421436406,10678.35765004158
699,0.0,9.0,15.458472312496415,10685.03609251976
700,0.0,9.0,15.114001363252434,10692.083051919937
701,0.0,9.0,14.983614293922148,10698.928264141083
702,0.0,9.0,15.217831092241084,10705.918323278427
703,0.0,9.0,15.181799941415575,10712.501881837845
704,0.0,10.0,15.224698594986194,10720.10531425476
705,0.0,9.0,15.284291144898418,10727.044589281082
706,0.0,9.0,15.416547279848363,10733.845439910889
707,0.0,56.0,6.034519526086115,10745.872633695602
708,0.0,11.0,14.846952666286713,10752.71033835411
709,0.0,9.0,15.284322734169693,10759.374637126923
710,0.0,10.0,15.098064457332141,10766.748186588287
711,0.0,9.0,15.010217992682371,10773.63079237938
712,0.0,9.0,15.046202124446504,10780.349703788757
713,0.0,34.0,10.592750017231344,10789.69851231575
714,0.0,11.0,14.644771373976969,10797.404461860657
715,0.0,81.0,0.8173281465036091,10810.50547504425
716,0.0,9.0,15.364540503005932,10817.22966170311
717,0.0,18.0,13.336703111760839,10825.463760614395
718,0.0,9.0,15.181985389402119,10832.471553087234
719,0.0,16.0,13.62591256498971,10841.196620225906
720,0.0,9.0,15.105981291927232,10848.241042137146
721,0.0,9.0,15.433889880713952,10855.357973337173
722,0.0,13.0,14.234886635653499,10863.01240849495
723,0.0,20.0,13.398796415987066,10872.813563108444
724,0.0,25.0,12.441799036489902,10887.850141525269
725,0.0,11.0,15.275583394536241,10895.826573133469
726,0.0,24.0,12.431620424993607,10910.028280973434
727,0.0,12.0,15.000246317527218,10917.57831978798
728,0.0,9.0,15.38015552563649,10924.564990282059
729,0.0,25.0,11.8862634879683,10933.813378572464
730,0.0,11.0,14.893735497359962,10941.625225305557
731,0.0,9.0,15.033239139832371,10953.4825527668
732,0.0,9.0,15.298552940410344,10965.304681062698
733,0.0,9.0,15.460844834505709,10982.105453491211
734,0.0,9.0,15.280121019501145,10988.97362947464
735,0.0,9.0,15.17912269148986,10995.820608615875
736,0.0,9.0,15.130639299880102,11002.410171985626
737,0.0,9.0,15.402413744810913,11009.112988233566
738,0.0,11.0,14.718879854470432,11017.618641614914
739,0.0,9.0,14.969455211256099,11029.37864613533
740,0.0,10.0,15.091494407508534,11036.780723571777
741,0.0,9.0,15.008753876934993,11043.421482563019
742,0.0,10.0,14.971952051051744,11050.722678661346
743,0.0,9.0,15.362411325295582,11057.534797906876
744,0.0,10.0,15.320586549320817,11069.933888435364
745,0.0,9.0,15.467964020695451,11081.583527088165
746,0.0,19.0,13.532348648378939,11090.044593334198
747,0.0,9.0,15.243461027162246,11096.835134029388
748,0.0,18.0,13.590948104264772,11105.088850021362
749,0.0,12.0,14.370337370437607,11112.727648973465
750,0.0,13.0,14.293479588723677,11120.672747612
751,0.0,10.0,15.080599346726256,11128.504868745804
752,0.0,30.0,10.781237331681973,11143.446144342422
753,0.0,11.0,15.111081040178405,11156.067031145096
754,0.0,10.0,14.98839829254062,11163.086724996567
755,0.0,10.0,14.912217643791736,11170.108467817307
756,0.0,14.0,14.026426720943956,11179.038204193115
757,0.0,15.0,14.051287124078785,11187.835067272186
758,0.0,13.0,14.760766756714208,11200.986978769302
759,0.0,10.0,15.078169080786093,11207.945050239563
760,0.0,13.0,14.35755501575194,11215.309037923813
761,0.0,9.0,15.07807567707319,11222.013472557068
762,0.0,12.0,14.776609220234418,11229.48066854477
763,0.0,10.0,14.80973216041498,11236.25245833397
764,0.0,10.0,15.087301176441102,11243.568464756012
765,0.0,10.0,14.846802686050342,11250.326522111893
766,0.0,10.0,14.926194522610846,11257.656162261963
767,0.0,22.0,12.54585630744694,11265.607251405716
768,0.0,12.0,14.622829830359283,11272.857391119003
769,0.0,14.0,14.104550740787975,11281.154467582703
770,0.0,10.0,15.06923926371743,11288.317123889923
771,0.0,19.0,13.012946638656098,11298.325620412827
772,0.0,10.0,15.083699971982155,11305.843214511871
773,0.0,9.0,15.120111605172095,11312.625252962112
774,0.0,13.0,14.496288841142988,11320.74783205986
775,0.0,21.0,12.800449979883307,11329.335171937943
776,0.0,11.0,14.864154042307062,11337.47010087967
777,0.0,10.0,15.042676496311588,11344.848883628845
778,0.0,11.0,14.788019871307704,11353.085640192032
779,0.0,9.0,15.15923739745335,11360.506977558136
780,0.0,27.0,11.976646270045048,11371.423188447952
781,0.0,11.0,14.84563289352509,11379.457918643951
782,0.0,9.0,15.05735617968794,11396.446809053421
783,0.0,11.0,14.882004970870309,11404.60854935646
784,0.0,10.0,15.105371776662114,11412.18467760086
785,0.0,11.0,15.099449285076279,11420.42484164238
786,0.0,13.0,14.535801260787665,11429.080663919449
787,0.0,11.0,14.747369604302243,11437.365681171417
788,0.0,10.0,15.049177427580062,11444.523703098297
789,0.0,10.0,14.905989105848299,11452.135308027267
790,0.0,11.0,14.763256154677375,11459.135635852814
791,0.0,10.0,15.107442767542024,11471.391045570374
792,0.0,32.0,10.377121086074256,11482.810399770737
793,0.0,9.0,15.1575830327663,11489.728680849075
794,0.0,12.0,14.528443786880434,11498.142318248749
795,0.0,15.0,13.831876483125974,11507.416052103043
796,0.0,10.0,14.914826062177452,11514.750214099884
797,0.0,10.0,15.082273921458555,11522.025502681732
798,0.0,10.0,15.235655236272844,11529.607486963272
799,0.0,10.0,14.793263824417194,11536.925432920456
800,0.0,10.0,15.174231033039531,11544.609276771545
801,0.0,10.0,15.051849360353765,11552.347804069519
802,0.0,10.0,14.995561597131903,11559.596692323685
803,0.0,12.0,14.572799355098262,11567.826453924179
804,0.0,9.0,15.198039351540183,11574.919533967972
805,0.0,9.0,15.066911328540655,11581.997447013855
806,0.0,9.0,14.969691897414231,11589.072545051575
807,0.0,10.0,15.181955001302006,11596.717030525208
808,0.0,11.0,14.706470382229208,11604.815752267838
809,0.0,10.0,15.278905669557325,11617.384036302567
810,0.0,100.0,-17.423457326015622,11659.61104798317
811,0.0,10.0,15.21767173187202,11667.105914592743
812,0.0,14.0,14.338153326053554,11676.606513500214
813,0.0,9.0,15.29950298398203,11688.60855460167
814,0.0,9.0,15.069177195038348,11695.419100522995
815,0.0,11.0,14.825534912158801,11703.414565563202
816,0.0,10.0,14.828026597931629,11710.682425737381
817,0.0,9.0,15.368582826337175,11717.741189479828
818,0.0,9.0,15.417523627497086,11724.84231376648
819,0.0,11.0,14.841304037463946,11732.410621881485
820,0.0,10.0,15.06076484428262,11739.445719480515
821,0.0,10.0,15.140972512869304,11747.102062940598
822,0.0,10.0,15.094930004340906,11754.775572538376
823,0.0,13.0,14.334866917444437,11763.699279785156
824,0.0,9.0,15.001327813305045,11770.619609117508
825,0.0,10.0,14.957055628252146,11778.105759859085
826,0.0,11.0,14.991514447128182,11785.94126868248
827,0.0,10.0,15.17788009213455,11793.38771557808
828,0.0,9.0,15.223212348533915,11800.38515162468
829,0.0,9.0,15.252246456300114,11807.357823848724
830,0.0,10.0,15.056961655183503,11814.708700418472
831,0.0,12.0,14.531028697967628,11822.947007417679
832,0.0,10.0,15.068331680488651,11830.673529863358
833,0.0,10.0,14.891617878847224,11843.122643232346
834,0.0,10.0,14.833719752863416,11850.358842849731
835,0.0,10.0,15.055120205610265,11857.630844593048
836,0.0,11.0,14.630284649182828,11866.050328493118
837,0.0,10.0,15.08395231395595,11873.444735765457
838,0.0,10.0,15.086930857635677,11881.097070932388
839,0.0,10.0,14.937936737267236,11888.702748775482
840,0.0,10.0,15.213532702194172,11896.14766383171
841,0.0,12.0,14.470784029808959,11904.628103733063
842,0.0,9.0,15.024110136296066,11911.233539581299
843,0.0,11.0,14.58456327192241,11919.028250694275
844,0.0,10.0,15.019855618668105,11926.81534075737
845,0.0,10.0,15.27093541682407,11938.970258235931
846,0.0,12.0,14.698343345659563,11946.711700677872
847,0.0,9.0,15.380837860363613,11953.75502371788
848,0.0,10.0,14.78812315302415,11961.356672048569
849,0.0,9.0,15.103909336192828,11968.730031967163
850,0.0,9.0,15.096077822970903,11980.647119283676
851,0.0,10.0,14.958655565505413,11988.164766550064
852,0.0,9.0,15.234695424856483,11995.359076976776
853,0.0,11.0,15.198304280403296,12003.022832632065
854,0.0,9.0,15.142362928946923,12009.940412044525
855,0.0,14.0,14.361769515512801,12018.141784667969
856,0.0,10.0,14.987552515485792,12030.529757261276
857,0.0,16.0,13.87597466365414,12038.902547597885
858,0.0,9.0,15.484622452565514,12046.057760715485
859,0.0,10.0,15.22195743244613,12058.449300289154
860,0.0,10.0,14.935487810302384,12066.446524858475
861,0.0,10.0,15.224579026574727,12073.48075890541
862,0.0,10.0,14.832021255815654,12080.529420852661
863,0.0,10.0,15.215271925012786,12093.001757860184
864,0.0,13.0,14.847301708952104,12101.013274669647
865,0.0,12.0,14.855209531431074,12108.50400519371
866,0.0,100.0,-17.94596621077622,12143.4446747303
867,0.0,11.0,14.649951001210288,12151.555968761444
868,0.0,11.0,14.701141069891218,12158.7611246109
869,0.0,10.0,14.855092395338202,12166.182852983475
870,0.0,22.0,12.560581952146435,12181.43089723587
871,0.0,10.0,15.04623059612025,12189.055006027222
872,0.0,10.0,14.831136740283297,12196.696419715881
873,0.0,9.0,15.006163063954837,12203.653291463852
874,0.0,10.0,15.047595087734738,12211.282272577286
875,0.0,9.0,15.088396550235228,12218.329127788544
876,0.0,9.0,14.982098338899807,12225.415814638138
877,0.0,12.0,14.370011181704015,12233.664938926697
878,0.0,100.0,-15.739480404074472,12256.940129756927
879,0.0,10.0,15.492904341981985,12264.442245960236
880,0.0,10.0,14.782689766832679,12271.693175554276
881,0.0,9.0,15.06237573866706,12283.612991571426
882,0.0,10.0,14.913600628430192,12295.844111204147
883,0.0,11.0,14.648973436695549,12304.256014347076
884,0.0,11.0,14.948690392010805,12312.016187667847
885,0.0,11.0,14.577421942984959,12325.074351072311
886,0.0,11.0,14.923108008558817,12333.027443408966
887,0.0,13.0,14.745947813838823,12340.958694458008
888,0.0,10.0,14.973141450149601,12353.322155952454
889,0.0,100.0,-16.86101348349904,12405.720332622528
890,0.0,11.0,14.611169545982602,12418.200654506683
891,0.0,10.0,14.878908184987171,12425.548538446426
892,0.0,13.0,14.689896776972276,12434.327430725098
893,0.0,12.0,14.487332851921607,12442.986144542694
894,0.0,13.0,14.345737875708775,12451.403974056244
895,0.0,10.0,14.895982779550298,12458.618663311005
896,0.0,14.0,14.041145837061352,12468.558217525482
897,0.0,10.0,14.862150574439086,12476.42303776741
898,0.0,11.0,14.85012045003404,12489.38199353218
899,0.0,10.0,14.876908065571278,12496.618074417114
900,0.0,10.0,14.875631266985962,12504.338555335999
901,0.0,11.0,14.775057617165103,12512.272147417068
902,0.0,13.0,15.060162510653022,12520.737140417099
903,0.0,9.0,15.044794567437751,12532.688090801239
904,0.0,12.0,14.875487153834985,12540.69787478447
905,0.0,13.0,14.382185471106535,12549.107824325562
906,0.0,12.0,14.663931406040895,12557.344173431396
907,0.0,16.0,13.696303919694996,12566.761758327484
908,0.0,13.0,14.389607036509057,12580.355746507645
909,0.0,12.0,14.594574656907623,12593.6017203331
910,0.0,11.0,14.62825096479964,12601.518515586853
911,0.0,11.0,14.70055034132677,12609.491459608078
912,0.0,11.0,14.781985578547284,12622.259627342224
913,0.0,12.0,14.410031875692688,12629.609313964844
914,0.0,11.0,14.793368341623719,12637.425778627396
915,0.0,11.0,14.897486588936482,12650.075967550278
916,0.0,10.0,15.09274918262992,12657.366706371307
917,0.0,12.0,14.719999511507858,12665.187106370926
918,0.0,10.0,15.175569321582035,12677.501791477203
919,0.0,12.0,14.487342319475562,12685.464576721191
920,0.0,10.0,14.831411407561848,12692.734350919724
921,0.0,9.0,15.032351247697635,12699.378289937973
922,0.0,10.0,15.057133599525223,12707.17499423027
923,0.0,11.0,14.755812829869488,12717.22179389
924,0.0,11.0,14.692130111013567,12727.24671792984
925,0.0,10.0,14.827587691327336,12736.127929449081
926,0.0,11.0,15.158480284340083,12746.610626220703
927,0.0,10.0,15.200885400784603,12758.028689622879
928,0.0,10.0,15.506548434160319,12768.24706530571
929,0.0,9.0,15.28627368692484,12776.852229118347
930,0.0,11.0,14.748721469236049,12785.856099843979
931,0.0,9.0,15.161219599517572,12793.707227945328
932,0.0,9.0,15.136921259108126,12800.779699325562
933,0.0,11.0,14.599989395825151,12808.349085569382
934,0.0,10.0,14.839871774010401,12815.705823421478
935,0.0,9.0,14.95392634544434,12822.555745601654
936,0.0,10.0,15.061555791702451,12830.164417505264
937,0.0,9.0,15.231824522181995,12842.033583402634
938,0.0,9.0,15.449558149583527,12849.15196967125
939,0.0,9.0,15.367991827569512,12856.629170656204
940,0.0,47.0,7.422264769368647,12873.027785539627
941,0.0,10.0,15.05762337434619,12880.388780593872
942,0.0,22.0,12.39019950285059,12889.336764335632
943,0.0,11.0,15.08933657625315,12902.46251153946
944,0.0,9.0,15.029334543296159,12909.369056224823
945,0.0,9.0,15.23296874718632,12916.476758241653
946,0.0,9.0,15.020871039577887,12923.260833978653
947,0.0,9.0,15.171503321572601,12930.369085550308
948,0.0,10.0,14.941796272180905,12937.812100172043
949,0.0,9.0,15.364212263278635,12945.181530237198
950,0.0,9.0,15.348292493366628,12952.208718538284
951,0.0,9.0,15.317132256644728,12959.282853841782
952,0.0,9.0,15.076068219961257,12966.308777093887
953,0.0,9.0,15.210766362188878,12973.36888217926
954,0.0,10.0,15.03320168876905,12985.83631825447
955,0.0,10.0,14.97046481383861,12998.563770532608
956,0.0,10.0,14.880663888059686,13010.61427617073
957,0.0,9.0,15.414054751819233,13017.245413303375
958,0.0,9.0,15.365873280588966,13024.196413040161
959,0.0,9.0,15.177655577752981,13031.236225366592
960,0.0,9.0,15.064650186246707,13038.323616743088
961,0.0,9.0,15.282820707943518,13045.428720474243
962,0.0,9.0,14.98383863527259,13052.362788677216
963,0.0,13.0,14.577964677162555,13060.433550596237
964,0.0,9.0,15.596445565479929,13067.444180488586
965,0.0,9.0,15.46145460461932,13074.422708749771
966,0.0,9.0,15.435042499086235,13081.381671905518
967,0.0,9.0,15.452547679942926,13088.31703042984
968,0.0,10.0,15.448901533337889,13095.756473779678
969,0.0,10.0,15.3641125073312,13103.221128225327
970,0.0,9.0,15.079331646988695,13110.246662855148
971,0.0,9.0,15.127055248521021,13117.31092453003
972,0.0,9.0,15.16641304007894,13124.34870147705
973,0.0,10.0,15.138753942390451,13132.121591091156
974,0.0,10.0,14.965917367616568,13140.129390478134
975,0.0,9.0,15.408418586784535,13147.019808292389
976,0.0,10.0,15.257125432301892,13154.431452274323
977,0.0,9.0,15.049922410800445,13161.320782661438
978,0.0,9.0,15.455323923912475,13168.322235107422
979,0.0,10.0,15.202771124201018,13175.669770002365
980,0.0,9.0,15.42414399606509,13182.651016712189
981,0.0,10.0,15.323632678534704,13190.459304332733
982,0.0,9.0,15.432715812730493,13197.325373411179
983,0.0,9.0,15.206307823782442,13204.400629997253
984,0.0,9.0,15.291812192164056,13211.41373515129
985,0.0,8.0,15.23379267135072,13218.470700502396
986,0.0,9.0,15.067605315099524,13225.509699344635
987,0.0,9.0,15.387489410942123,13232.521494626999
988,0.0,9.0,15.03040425999734,13239.58006119728
989,0.0,9.0,15.566912979205789,13246.591141462326
990,0.0,9.0,15.02838731423726,13253.692931175232
991,0.0,9.0,15.470789625019536,13260.659435033798
992,0.0,9.0,15.209119174241257,13267.74190235138
993,0.0,9.0,15.439383490704728,13274.751173973083
994,0.0,9.0,15.038165497224082,13281.818154096603
995,0.0,9.0,15.205589227234658,13293.860482215881
996,0.0,9.0,15.60985256862591,13301.04882311821
997,0.0,9.0,15.438743940458567,13308.129315376282
998,0.0,9.0,15.244084434963966,13315.225591182709
999,0.0,9.0,15.28725130377616,13322.270266532898
1000,0.0,9.0,15.553696181960284,13329.411055088043
1001,0.0,9.0,15.339095940713568,13341.500856161118
1002,0.0,9.0,15.463782686648072,13348.532365322113
1003,0.0,9.0,15.152327358480136,13355.341100215912
1004,0.0,10.0,15.03215049585707,13363.083221435547
1005,0.0,9.0,15.198770679704264,13369.794594049454
1006,0.0,9.0,15.198429211539715,13381.668461084366
1007,0.0,9.0,15.460582625529955,13388.81017780304
1008,0.0,10.0,14.913853512448748,13396.179831266403
1009,0.0,9.0,15.591219639097634,13403.21329331398
1010,0.0,9.0,15.460758150774002,13410.324569225311
1011,0.0,9.0,15.132542530498712,13417.268362283707
1012,0.0,9.0,15.49854559481904,13424.5836455822
1013,0.0,9.0,15.301722273842865,13431.79192018509
1014,0.0,9.0,15.427937161131641,13438.811901807785
1015,0.0,9.0,15.42845372543583,13445.881299257278
1016,0.0,10.0,15.526161494737911,13454.26729273796
1017,0.0,10.0,14.773209560330965,13462.263868808746
1018,0.0,9.0,15.275900783859583,13469.010776281357
1019,0.0,100.0,-14.173829231119473,13488.59555387497
1020,0.0,100.0,-14.319800940521548,13507.922928333282
1021,0.0,9.0,15.079800993923953,13514.773801326752
1022,0.0,9.0,15.136447871565107,13521.798352003098
1023,0.0,9.0,15.406179292509036,13528.90505027771
1024,0.0,9.0,15.101673250535658,13540.876629829407
1025,0.0,9.0,15.352363530968539,13547.932464838028
1026,0.0,9.0,15.566204424772954,13554.977683067322
1027,0.0,9.0,15.342576941384658,13562.441949605942
1028,0.0,9.0,15.192284512872279,13569.276955604553
1029,0.0,9.0,15.261605080532457,13576.350108146667
1030,0.0,9.0,15.365317646023435,13583.439236879349
1031,0.0,100.0,-13.500593443233376,13596.927071332932
1032,0.0,9.0,15.465072651824384,13603.893162488937
1033,0.0,9.0,15.601653659273023,13610.928725481033
1034,0.0,10.0,14.856832351728759,13617.728258371353
1035,0.0,9.0,15.606979015849888,13624.528468847275
1036,0.0,10.0,15.412447221415846,13636.91643357277
1037,0.0,9.0,15.358353959802287,13643.585166931152
1038,0.0,9.0,15.047959974945712,13655.282467126846
1039,0.0,9.0,15.564619092204763,13661.919218540192
1040,0.0,10.0,15.075807690773825,13670.252150535583
1041,0.0,9.0,15.22533816068417,13677.013037919998
1042,0.0,9.0,15.366193897663205,13684.026980161667
1043,0.0,9.0,15.016569156651897,13690.855962753296
1044,0.0,9.0,15.383551577577771,13697.522805452347
1045,0.0,9.0,15.440049082545789,13704.11699795723
1046,0.0,9.0,15.564737425472803,13710.810221672058
1047,0.0,9.0,15.600357103834956,13722.699065208435
1048,0.0,9.0,15.062615453165224,13729.432005405426
1049,0.0,17.0,14.227635459665354,13737.157256126404
1050,0.0,9.0,15.060579920110317,13743.953449249268
1051,0.0,9.0,15.297035648466135,13751.04756450653
1052,0.0,9.0,15.463727396450201,13758.061875343323
1053,0.0,9.0,15.157122460660192,13765.28451013565
1054,0.0,9.0,15.442846954721286,13772.16059923172
1055,0.0,15.0,14.211645877835014,13780.456336736679
1056,0.0,9.0,15.424330878707291,13787.218653440475
1057,0.0,100.0,-13.706957108907847,13801.202623844147
1058,0.0,9.0,15.136564208892693,13812.99450802803
1059,0.0,9.0,15.579580671262846,13819.994462966919
1060,0.0,9.0,15.442444442229256,13826.860176563263
1061,0.0,9.0,15.536769385062442,13833.91153049469
1062,0.0,9.0,15.165588016789405,13840.682413339615
1063,0.0,100.0,-13.707888954762396,13854.447313070297
1064,0.0,10.0,15.529128759439061,13862.19138097763
1065,0.0,9.0,15.53252555175033,13869.012823581696
1066,0.0,9.0,15.484708915263791,13875.677222013474
1067,0.0,10.0,14.874047396737108,13887.863646745682
1068,0.0,9.0,15.15496737882036,13894.509953975677
1069,0.0,9.0,15.529290369448493,13901.185265779495
1070,0.0,9.0,15.362882796136576,13908.427857160568
1071,0.0,9.0,15.35826241690453,13915.261132240295
1072,0.0,9.0,15.449480881006277,13922.221856594086
1073,0.0,9.0,15.552228560654237,13928.92675280571
1074,0.0,9.0,15.183375440413514,13935.60463309288
1075,0.0,9.0,15.107935802756543,13942.60652756691
1076,0.0,9.0,15.59536684342958,13949.254807472229
1077,0.0,9.0,15.51065748435301,13956.31878709793
1078,0.0,9.0,15.345762493106275,13963.371421575546
1079,0.0,9.0,15.274085948270471,13970.273572444916
1080,0.0,9.0,15.523630899115474,13977.025615215302
1081,0.0,9.0,15.580770157279431,13984.136833190918
1082,0.0,9.0,15.47309045595107,13991.175957679749
1083,0.0,9.0,15.319736645766945,13998.181716442108
1084,0.0,9.0,15.444264694861342,14010.279309511185
1085,0.0,9.0,15.56901066552826,14022.306602954865
1086,0.0,100.0,-13.613508102738871,14040.375185012817
1087,0.0,9.0,15.091676888739219,14052.4493227005
1088,0.0,9.0,15.207113806704502,14059.520454645157
1089,0.0,9.0,15.461523409117586,14066.510250329971
1090,0.0,9.0,15.119041838693459,14075.047713518143
1091,0.0,9.0,15.309308209695743,14081.996588230133
1092,0.0,9.0,15.56265222370235,14089.044029474258
1093,0.0,9.0,15.608647774657651,14101.071187734604
1094,0.0,9.0,15.450515389648194,14108.077325582504
1095,0.0,9.0,15.600043054775165,14114.963860988617
1096,0.0,9.0,15.496165985507687,14122.483692646027
1097,0.0,10.0,15.50519002248161,14130.089483976364
1098,0.0,9.0,15.490337983917362,14137.476040363312
1099,0.0,39.0,9.706571452386353,14147.00758934021
1100,0.0,9.0,15.595318609551658,14159.018230438232
1101,0.0,9.0,15.260975509621336,14166.641331195831
1102,0.0,9.0,15.263678126620295,14173.883484125137
1103,0.0,9.0,15.6059986429349,14180.905336856842
1104,0.0,22.0,12.6617208898159,14188.942168951035
1105,0.0,9.0,15.258052967201012,14195.704079389572
1106,0.0,100.0,-14.558742872789642,14208.823529481888
1107,0.0,9.0,15.460850083652748,14215.38428401947
1108,0.0,9.0,15.570167540022801,14222.314337015152
1109,0.0,9.0,15.25937688424667,14228.875072479248
1110,0.0,9.0,15.391154685718352,14235.425951719284
1111,0.0,9.0,15.288220474990167,14247.266988515854
1112,0.0,9.0,15.571424198588259,14258.94859290123
1113,0.0,9.0,15.109549606056053,14265.29236125946
1114,0.0,9.0,15.425295519030719,14271.980090856552
1115,0.0,9.0,15.605231813711313,14278.630921840668
1116,0.0,10.0,15.346496064657764,14285.662350654602
1117,0.0,9.0,15.386046980055507,14292.312813043594
1118,0.0,9.0,15.245163371127017,14298.723427295685
1119,0.0,9.0,15.445034436154435,14310.333053827286
1120,0.0,9.0,15.459865644431524,14316.974018096924
1121,0.0,9.0,15.391441190851392,14323.651999950409
1122,0.0,9.0,15.628806233143056,14330.433503866196
1123,0.0,9.0,15.346089881746526,14337.094149112701
1124,0.0,40.0,8.79106215472182,14346.197937250137
1125,0.0,9.0,15.129929223337413,14357.93472456932
1126,0.0,9.0,15.253153586444594,14364.557353258133
1127,0.0,9.0,15.5826689210412,14371.20727300644
1128,0.0,9.0,15.27323452446292,14377.857444286346
1129,0.0,9.0,15.41234215030818,14384.488801717758
1130,0.0,9.0,15.538291607458191,14391.082849502563
1131,0.0,9.0,15.459641695631674,14397.704291820526
1132,0.0,9.0,15.443422928637341,14404.34727859497
1133,0.0,9.0,15.12764959058056,14412.972535610199
1134,0.0,9.0,15.249917470930441,14424.672327280045
1135,0.0,9.0,15.473339391026533,14431.270285129547
1136,0.0,9.0,15.276741570446852,14437.873998641968
1137,0.0,9.0,15.242707719651968,14449.540658712387
1138,0.0,9.0,15.552331027431872,14456.203480005264
1139,0.0,9.0,15.475500338932289,14462.834237098694
1140,0.0,9.0,15.295021664810807,14469.615820646286
1141,0.0,9.0,15.618885115390306,14476.266638040543
1142,0.0,9.0,14.989680092103132,14483.081533193588
1143,0.0,9.0,15.564667989823603,14489.724197149277
1144,0.0,9.0,15.13701617870569,14496.396484851837
1145,0.0,9.0,15.6789597032158,14503.07659649849
1146,0.0,9.0,14.97469847544523,14515.370119810104
1147,0.0,8.0,15.210620828775589,14526.399913787842
1148,0.0,100.0,-13.536829633981936,14543.285588502884
1149,0.0,9.0,15.521380898263399,14549.948608636856
1150,0.0,9.0,15.639612872599951,14556.977854967117
1151,0.0,9.0,15.120696257586065,14564.08753323555
1152,0.0,9.0,15.570710531974715,14570.820279359818
1153,0.0,9.0,15.121219837870761,14577.452479362488
1154,0.0,9.0,15.35471729962805,14584.102259397507
1155,0.0,9.0,15.105611586003443,14595.518933296204
1156,0.0,9.0,15.496567829606434,14601.929381847382
1157,0.0,9.0,15.169088321007546,14608.62883400917
1158,0.0,9.0,15.179974348231,14615.228896141052
1159,0.0,9.0,15.552886946138027,14621.862144231796
1160,0.0,10.0,14.853454598429582,14628.895565271378
1161,0.0,10.0,15.467096247477524,14635.939127206802
1162,0.0,9.0,15.519002994936885,14642.570236682892
1163,0.0,9.0,15.548505953703803,14649.20523405075
1164,0.0,9.0,15.600855390391601,14655.805295705795
1165,0.0,9.0,14.999756582711193,14663.122338056564
1166,0.0,33.0,10.391896060348493,14671.694874286652
1167,0.0,9.0,15.52724929124687,14678.326119661331
1168,0.0,8.0,15.205330372617247,14684.26612496376
1169,0.0,9.0,15.462263536150447,14690.755836963654
1170,0.0,100.0,-13.97237485694248,14708.519272565842
1171,0.0,27.0,11.753805933017633,14716.680338859558
1172,0.0,8.0,15.316818106242778,14722.619493722916
1173,0.0,8.0,15.176913329561858,14733.641733884811
1174,0.0,100.0,-13.66753297363178,14751.056863069534
1175,0.0,9.0,15.396094316437072,14757.799539089203
1176,0.0,9.0,15.519511607310672,14764.469515800476
1177,0.0,100.0,-13.784856639070155,14778.050414085388
1178,0.0,9.0,15.571130146316559,14784.691566467285
1179,0.0,13.0,14.16994523112418,14791.537582397461
1180,0.0,9.0,15.382103401779693,14798.12963962555
1181,0.0,9.0,15.540566987061057,14804.794347763062
1182,0.0,8.0,15.202645714596276,14810.836287498474
1183,0.0,9.0,15.33640167157058,14817.492473840714
1184,0.0,9.0,15.203857591603542,14824.545288324356
1185,0.0,9.0,15.376664164494496,14831.130023241043
1186,0.0,9.0,15.315603384794002,14837.740509748459
1187,0.0,9.0,15.519994011039657,14844.420803308487
1188,0.0,8.0,15.24978647125184,14855.382068872452
1189,0.0,10.0,15.337308827512587,14867.571707725525
1190,0.0,9.0,15.388731164464698,14874.3031001091
1191,0.0,9.0,15.26517589227051,14880.917398452759
1192,0.0,9.0,15.51800441701306,14887.629560232162
1193,0.0,8.0,15.243792262000486,14893.564289569855
1194,0.0,9.0,15.13821207405326,14900.647572278976
1195,0.0,9.0,15.251805801031466,14907.672196865082
1196,0.0,9.0,15.577771494137004,14914.329546451569
1197,0.0,9.0,15.197659591657235,14920.977138280869
1198,0.0,9.0,15.406112083521268,14927.609363079071
1199,0.0,100.0,-13.491614735748088,14940.12583398819
1200,0.0,9.0,15.623665223254463,14946.855498790741
1201,0.0,9.0,15.311715775028437,14953.547737121582
1202,0.0,9.0,15.116101930085838,14960.09444308281
1203,0.0,9.0,15.465226011471433,14966.750070810318
1204,0.0,9.0,15.17999575878391,14978.41701221466
1205,0.0,9.0,15.563374234207068,14985.020298480988
1206,0.0,9.0,15.509598853276533,14991.66035246849
1207,0.0,9.0,15.052504491482289,14998.355041503906
1208,0.0,25.0,11.853618877711076,15007.548046827316
1209,0.0,9.0,15.046170313767178,15014.201745986938
1210,0.0,9.0,15.512767783582628,15020.851705551147
1211,0.0,9.0,15.159419640713805,15027.458576440811
1212,0.0,9.0,15.52812333643527,15034.08936047554
1213,0.0,9.0,15.252793041122851,15040.487247467041
1214,0.0,9.0,15.307169521674002,15047.168498039246
1215,0.0,9.0,15.329459646480275,15053.590213060379
1216,0.0,50.0,7.404830011704296,15068.239653587341
1217,0.0,9.0,15.171400269167572,15074.855608701706
1218,0.0,9.0,15.284372375182276,15081.405095338821
1219,0.0,22.0,12.45515782735974,15089.73887515068
1220,0.0,10.0,15.259713174172632,15096.805020332336
1221,0.0,14.0,14.384811596386802,15104.00380063057
1222,0.0,100.0,-15.257392545064187,15121.931262254715
1223,0.0,100.0,-14.124963391847114,15140.754573822021
1224,0.0,8.0,15.184581092885669,15146.846243858337
1225,0.0,9.0,15.194526094296638,15153.510358810425
1226,0.0,100.0,-13.887716179504492,15167.427740812302
1227,0.0,10.0,14.850289417664689,15174.58988904953
1228,0.0,8.0,15.234761206607761,15180.605370998383
1229,0.0,11.0,14.831141963698787,15188.074184179306
1230,0.0,9.0,15.536950019847632,15194.919706821442
1231,0.0,9.0,15.368888052909787,15201.585585832596
1232,0.0,9.0,15.440359078806292,15213.21801352501
1233,0.0,9.0,15.614311477040289,15219.893728733063
1234,0.0,8.0,15.345563179836178,15225.815772533417
1235,0.0,100.0,-16.276817568063585,15254.664561986923
1236,0.0,8.0,15.253604885152606,15260.725793838501
1237,0.0,8.0,15.23891803897531,15266.729524612427
1238,0.0,8.0,15.29422669265431,15277.780676364899
1239,0.0,100.0,-13.842515259886,15291.323184967041
1240,0.0,8.0,15.20434549600209,15297.2410094738
1241,0.0,9.0,15.295501961315722,15303.942543268204
1242,0.0,8.0,15.237514999477092,15310.104345321655
1243,0.0,10.0,15.084973326309017,15317.159108877182
1244,0.0,8.0,15.211130235081216,15323.353940725327
1245,0.0,8.0,15.231758968776319,15329.405213356018
1246,0.0,9.0,15.32563719897756,15336.0829641819
1247,0.0,9.0,15.6527616493828,15342.796193599701
1248,0.0,8.0,15.261611533337572,15348.911673307419
1249,0.0,9.0,15.453417737113206,15355.587044477463
1250,0.0,9.0,15.159696546110531,15362.249323129654
1251,0.0,75.0,1.8039331424590177,15378.882184743881
1252,0.0,37.0,9.555470774981243,15387.579550981522
1253,0.0,14.0,14.380705295303738,15395.19079709053
1254,0.0,9.0,15.395309818653987,15406.866721630096
1255,0.0,9.0,15.096099728690575,15413.648119926453
1256,0.0,100.0,-13.645656180007812,15427.046875238419
1257,0.0,100.0,-13.510695837844505,15445.2173974514
1258,0.0,20.0,13.580517338275733,15453.863689422607
1259,0.0,10.0,15.172016544499456,15461.236763477325
1260,0.0,62.0,4.535540186200702,15472.313156843185
1261,0.0,9.0,15.440587827623139,15479.092456102371
1262,0.0,10.0,15.456241792512103,15486.407189369202
1263,0.0,9.0,15.477084080656866,15498.10359454155
1264,0.0,9.0,15.372031704616347,15505.194791793823
1265,0.0,9.0,15.432969909096276,15512.20863199234
1266,0.0,9.0,15.120998637159254,15518.956857919693
1267,0.0,9.0,15.294549625612937,15525.607185602188
1268,0.0,100.0,-13.67671796721312,15543.916275501251
1269,0.0,9.0,15.276668990444504,15550.714932203293
1270,0.0,9.0,15.231392622734468,15562.368245124817
1271,0.0,8.0,15.213405287508415,15568.539728403091
1272,0.0,20.0,12.865762130841084,15576.422725200653
1273,0.0,100.0,-13.953977214359785,15596.07157921791
1274,0.0,9.0,14.941736685555185,15602.714394807816
1275,0.0,9.0,15.56148050830064,15609.566295862198
1276,0.0,9.0,15.551726736018434,15616.279296636581
1277,0.0,9.0,15.009746601654054,15623.03495168686
1278,0.0,9.0,15.339850731030097,15629.703537464142
1279,0.0,9.0,15.487908576644351,15636.364959716797
1280,0.0,9.0,15.016077548070012,15643.560968399048
1281,0.0,9.0,15.501048051078547,15650.233008623123
1282,0.0,9.0,15.487430633448806,15661.911226034164
1283,0.0,8.0,15.26291535796296,15673.876909732819
1284,0.0,8.0,15.186861579661455,15680.496630191803
1285,0.0,9.0,15.292541258133685,15687.183403968811
1286,0.0,9.0,15.199399340897825,15698.851670503616
1287,0.0,9.0,14.978243940586607,15705.439919233322
1288,0.0,9.0,15.112163263000312,15712.097581386566
1289,0.0,9.0,15.264800482551323,15718.785872220993
1290,0.0,10.0,15.14594303953622,15726.358441352844
1291,0.0,100.0,-13.559893183963705,15740.409051179886
1292,0.0,9.0,15.40690806943502,15747.0775308609
1293,0.0,9.0,15.325488589505412,15758.734008312225
1294,0.0,42.0,8.394893107962828,15767.972537517548
1295,0.0,9.0,15.165838283622561,15774.623342514038
1296,0.0,9.0,15.379670114131786,15781.287297487259
1297,0.0,9.0,15.025445066333992,15788.051376342773
1298,0.0,8.0,15.170246597370824,15794.276039600372
1299,0.0,98.0,-2.3940758603387557,15807.645469427109
1300,0.0,14.0,14.618002046614722,15815.19444513321
1301,0.0,89.0,-0.7970969540302253,15827.862874031067
1302,0.0,9.0,15.141798490189252,15839.486231088638
1303,0.0,9.0,15.499041659439596,15846.128883838654
1304,0.0,9.0,15.564641004317817,15852.759305477142
1305,0.0,9.0,15.286966445422426,15859.431010961533
1306,0.0,9.0,15.12136071040371,15866.097280979156
1307,0.0,9.0,15.353200649930473,15873.350441932678
1308,0.0,69.0,3.329233475427654,15884.352835416794
1309,0.0,9.0,14.965161787886924,15891.003000974655
1310,0.0,9.0,15.195808479697874,15897.633045434952
1311,0.0,9.0,15.479659854881044,15904.290834903717
1312,0.0,9.0,15.320483964723277,15911.152403831482
1313,0.0,9.0,15.09400306074402,15921.114332199097
1314,0.0,100.0,-14.13078516804533,15944.072870016098
1315,0.0,9.0,15.429967349814671,15951.25817990303
1316,0.0,9.0,15.319931886368847,15957.900537967682
1317,0.0,9.0,15.05084042837467,15964.550741434097
1318,0.0,9.0,15.458224027520433,15971.402044773102
1319,0.0,9.0,15.181653015365324,15978.269342899323
1320,0.0,9.0,15.49290975676081,15985.048330068588
1321,0.0,9.0,15.135008984227614,15991.686849594116
1322,0.0,9.0,15.370910051055311,16003.39282488823
1323,0.0,8.0,15.34574948033123,16009.58117032051
1324,0.0,9.0,15.635742764796046,16016.259169578552
1325,0.0,8.0,15.298537977612083,16027.235270500183
1326,0.0,9.0,15.171466542850151,16037.350138425827
1327,0.0,9.0,15.516146832357991,16044.174351215363
1328,0.0,9.0,15.525567212177389,16050.820606946945
1329,0.0,9.0,15.683397185619448,16057.43614411354
1330,0.0,9.0,15.18300188528705,16064.144761800766
1331,0.0,10.0,15.470874720612493,16071.58404827118
1332,0.0,9.0,15.1148209604042,16080.531341791153
1333,0.0,9.0,14.969040745192249,16087.13479232788
1334,0.0,9.0,15.36368708557583,16093.839854955673
1335,0.0,10.0,15.232079702179282,16100.832247257233
1336,0.0,10.0,14.955785150251451,16107.944734334946
1337,0.0,9.0,15.42774455494536,16114.543051958084
1338,0.0,9.0,15.366052331740372,16126.21791601181
1339,0.0,9.0,15.313514012852506,16132.88096499443
1340,0.0,9.0,15.534263563215148,16139.71447134018
1341,0.0,8.0,15.327573141926853,16150.875731945038
1342,0.0,8.0,15.184873417349042,16162.205852031708
1343,0.0,9.0,15.409684546229355,16173.837036132812
1344,0.0,100.0,-16.27624457070957,16204.37872505188
1345,0.0,9.0,15.10024643989017,16211.18015575409
1346,0.0,9.0,15.192197552203693,16217.752277374268
1347,0.0,9.0,15.352398242925483,16224.449848890305
1348,0.0,9.0,15.227777031434325,16231.318803787231
1349,0.0,100.0,-14.12919003076996,16248.385683059692
1350,0.0,9.0,15.4986125454793,16255.179956436157
1351,0.0,9.0,15.167071253486455,16261.79718708992
1352,0.0,14.0,14.484230310558083,16269.333344459534
1353,0.0,10.0,14.952485869317496,16276.078707933426
1354,0.0,9.0,15.210248505011807,16283.150906801224
1355,0.0,9.0,15.355563221553801,16289.805017471313
1356,0.0,10.0,14.855106357616137,16298.645171642303
1357,0.0,9.0,15.565767346703176,16305.45331454277
1358,0.0,11.0,15.131842700872363,16318.131117343903
1359,0.0,9.0,15.156160308440477,16324.932119607925
1360,0.0,10.0,15.518986670581345,16337.160316705704
1361,0.0,9.0,15.457827139664193,16343.832665205002
1362,0.0,18.0,13.386962687089865,16352.074495792389
1363,0.0,17.0,13.540705735351686,16361.380945682526
1364,0.0,9.0,15.398376156045538,16368.394961833954
1365,0.0,9.0,15.335195049561705,16375.213254451752
1366,0.0,100.0,-15.140039464278745,16389.088327407837
1367,0.0,9.0,15.253329427051753,16401.093930244446
1368,0.0,10.0,15.030151616158008,16408.26469016075
1369,0.0,8.0,15.298795374589451,16414.76410841942
1370,0.0,11.0,14.707307441887185,16422.706191301346
1371,0.0,10.0,15.21614278974249,16430.014867305756
1372,0.0,9.0,15.342495364762488,16436.650834560394
1373,0.0,9.0,15.051017491928086,16443.56213593483
1374,0.0,9.0,15.323769418678497,16450.582827806473
1375,0.0,9.0,15.17944954985597,16457.483018159866
1376,0.0,9.0,15.459221717890848,16464.24676132202
1377,0.0,9.0,15.036397388490322,16470.8993434906
1378,0.0,9.0,14.968072347652218,16482.569111824036
1379,0.0,9.0,15.50255728012382,16489.45008468628
1380,0.0,9.0,15.391613771664089,16496.194754123688
1381,0.0,9.0,15.090094066439175,16507.823251008987
1382,0.0,9.0,15.102081230607649,16514.577754974365
1383,0.0,9.0,14.970549818112735,16521.39387178421
1384,0.0,9.0,15.361969986725606,16528.206269025803
1385,0.0,9.0,15.572244404811704,16534.776651144028
1386,0.0,48.0,7.399469483272092,16545.107195854187
1387,0.0,9.0,15.162996158782992,16552.712298631668
1388,0.0,100.0,-16.105574819197994,16579.897963047028
1389,0.0,100.0,-13.657462505728448,16594.818871498108
1390,0.0,10.0,15.426721975858975,16602.12859940529
1391,0.0,9.0,15.616643599632951,16608.97266125679
1392,0.0,11.0,14.627658689427378,16616.70744729042
1393,0.0,9.0,15.192529728019608,16623.70324611664
1394,0.0,23.0,12.64990290621314,16631.93208217621
1395,0.0,100.0,-15.67351599611854,16653.63593006134
1396,0.0,9.0,15.223884098421305,16660.57548213005
1397,0.0,9.0,15.248135662839811,16667.192195892334
1398,0.0,10.0,15.230085798181577,16674.444219827652
1399,0.0,11.0,15.276022063285538,16682.319231987
1400,0.0,9.0,15.40423264158489,16688.952127218246
1401,0.0,9.0,15.53507364262408,16700.810242414474
1402,0.0,10.0,15.172032791498241,16708.407814502716
1403,0.0,9.0,15.316790107471977,16715.49547600746
1404,0.0,9.0,15.51575389629408,16722.289181232452
1405,0.0,10.0,15.00064941680143,16729.590696811676
1406,0.0,9.0,15.213024812752973,16736.437643527985
1407,0.0,9.0,15.409158301783346,16743.660423517227
1408,0.0,9.0,15.330406536144695,16750.657299757004
1409,0.0,11.0,15.192843533452674,16758.22281241417
1410,0.0,100.0,-18.122680193231,16798.770148277283
1411,0.0,9.0,14.990679006785403,16805.660845518112
1412,0.0,9.0,14.994090044399506,16812.41511964798
1413,0.0,10.0,15.187240141563777,16819.764691591263
1414,0.0,9.0,15.057607966270659,16827.763017892838
1415,0.0,9.0,15.38680332283814,16834.62839794159
1416,0.0,33.0,10.384050522613645,16845.12266087532
1417,0.0,100.0,-18.440408055646795,16891.93990468979
1418,0.0,37.0,9.4992043774809,16902.410398960114
1419,0.0,10.0,14.979640133341583,16909.41646552086
1420,0.0,10.0,15.409729458202676,16916.719481229782
1421,0.0,10.0,14.80145277432632,16923.860002994537
1422,0.0,11.0,14.996609314405898,16931.589134931564
1423,0.0,10.0,15.21180834387895,16938.497732400894
1424,0.0,9.0,15.341911216180387,16945.29207754135
1425,0.0,10.0,15.155521333235479,16952.425060272217
1426,0.0,10.0,14.79575477876757,16964.665621757507
1427,0.0,9.0,14.999657012227708,16971.092386960983
1428,0.0,10.0,14.793843994289972,16978.47445821762
1429,0.0,9.0,15.07260489444375,16986.454889059067
1430,0.0,11.0,14.718819182985538,16993.746405124664
1431,0.0,9.0,15.221101823964398,17001.346347093582
1432,0.0,10.0,15.328631287619164,17008.410362958908
1433,0.0,9.0,15.044544718481085,17015.068667650223
1434,0.0,9.0,15.284497524023829,17021.683062314987
1435,0.0,10.0,15.076685522575868,17028.67052745819
1436,0.0,11.0,14.845466583330243,17036.450429916382
1437,0.0,9.0,15.04069970126967,17043.100813388824
1438,0.0,9.0,15.186238622675434,17049.872480392456
1439,0.0,10.0,15.266721538909033,17056.839244365692
1440,0.0,9.0,15.047913602403279,17063.854902505875
1441,0.0,11.0,14.811607528100053,17071.41733121872
1442,0.0,9.0,15.106889046597754,17078.2108938694
1443,0.0,10.0,14.80547173755675,17085.83664035797
1444,0.0,10.0,15.374667859054739,17093.330124616623
1445,0.0,9.0,15.134413714135306,17100.39685368538
1446,0.0,12.0,14.73364498320575,17109.03732895851
1447,0.0,12.0,14.377602918283742,17117.033714056015
1448,0.0,10.0,14.948756825101896,17124.494653701782
1449,0.0,9.0,15.233485700655335,17131.13973593712
1450,0.0,9.0,15.20689683033753,17137.754792928696
1451,0.0,10.0,15.072424435977743,17144.72963809967
1452,0.0,9.0,15.146945438311544,17151.376247882843
1453,0.0,10.0,15.158208756235693,17159.25712442398
1454,0.0,10.0,15.033227802434475,17166.27543449402
1455,0.0,13.0,14.769703575056791,17174.94227218628
1456,0.0,9.0,15.508043995208565,17181.603679656982
1457,0.0,15.0,14.162761116778416,17190.160349607468
1458,0.0,8.0,15.240519642387232,17196.448060512543
1459,0.0,11.0,14.750876861910257,17204.375134706497
1460,0.0,9.0,15.485588484723607,17211.17622923851
1461,0.0,11.0,15.284215626903105,17218.904901504517
1462,0.0,9.0,15.038234053320528,17225.893498420715
1463,0.0,10.0,14.87202104849204,17238.29231095314
1464,0.0,9.0,15.198950952829733,17245.26472401619
1465,0.0,9.0,15.18175737220654,17252.122342824936
1466,0.0,10.0,15.014251784217935,17259.365322589874
1467,0.0,10.0,15.252743864856736,17266.736124753952
1468,0.0,9.0,15.596814525804065,17273.736163139343
1469,0.0,9.0,15.418629037598318,17280.378945350647
1470,0.0,9.0,15.520774940856233,17287.01135325432
1471,0.0,9.0,15.196183920434063,17293.902965545654
1472,0.0,9.0,15.12126105728473,17305.666895627975
1473,0.0,11.0,14.817027276218258,17313.06503200531
1474,0.0,10.0,15.339399876815728,17320.430785655975
1475,0.0,9.0,15.117927624573992,17327.241246938705
1476,0.0,9.0,15.041574292333031,17333.8801779747
1477,0.0,9.0,15.229539681553048,17341.179013967514
1478,0.0,9.0,15.0874953070422,17348.12635564804
1479,0.0,9.0,15.202427767232436,17355.04092669487
1480,0.0,11.0,15.302544986119427,17363.087784290314
1481,0.0,9.0,15.12894991634849,17369.860097408295
1482,0.0,22.0,12.472026639962916,17381.393125772476
1483,0.0,10.0,15.246244522390999,17388.76020216942
1484,0.0,9.0,15.571090593907805,17395.413033485413
1485,0.0,10.0,14.80551727550864,17407.631568193436
1486,0.0,9.0,15.283056846959166,17414.499156713486
1487,0.0,10.0,14.770314198212732,17421.883917093277
1488,0.0,9.0,15.151295820532614,17428.67114663124
1489,0.0,9.0,15.159691859953952,17435.663476467133
1490,0.0,10.0,15.117743365532895,17442.88628554344
1491,0.0,10.0,15.047338439792517,17453.70310807228
1492,0.0,9.0,15.255379386125554,17460.427793979645
1493,0.0,10.0,14.847288645345007,17467.824457406998
1494,0.0,11.0,14.830752660827718,17480.697621822357
1495,0.0,9.0,14.975117437190137,17487.42750310898
1496,0.0,9.0,15.124885385280734,17494.244807243347
1497,0.0,9.0,14.991917741164992,17501.178458690643
1498,0.0,12.0,14.478431465984714,17510.477645158768
1499,0.0,10.0,15.138360285770002,17517.813864946365
1500,0.0,8.0,15.207865295862295,17524.066556215286
1501,0.0,10.0,14.882159864225851,17531.558421850204
1502,0.0,9.0,15.198620973435702,17538.228487730026
1503,0.0,9.0,15.3627846109068,17545.250589370728
1504,0.0,9.0,14.96796420736349,17551.77793097496
1505,0.0,11.0,15.314148625690244,17564.537566661835
1506,0.0,9.0,15.269948859620406,17571.34357357025
1507,0.0,10.0,14.781779165554735,17578.2995800972
1508,0.0,9.0,15.04706699504679,17585.063379764557
1509,0.0,10.0,15.129355721989722,17592.526428699493
1510,0.0,9.0,15.245967787585744,17599.276708602905
1511,0.0,10.0,15.432511791951512,17606.567769527435
1512,0.0,31.0,10.677426310768048,17616.78301548958
1513,0.0,9.0,14.991856138762763,17623.39359140396
1514,0.0,9.0,15.01480864398183,17630.10918354988
1515,0.0,8.0,15.201728919358956,17636.28338766098
1516,0.0,9.0,15.275154932033999,17648.218396425247
1517,0.0,10.0,14.95939407936627,17655.64937233925
1518,0.0,9.0,15.15963980892456,17662.447964191437
1519,0.0,9.0,15.085357360348134,17669.10865187645
1520,0.0,10.0,14.937227798845893,17676.200162887573
1521,0.0,10.0,14.857580902101253,17683.743510723114
1522,0.0,10.0,15.29182134863874,17690.841371774673
1523,0.0,10.0,15.083970466611735,17697.806248903275
1524,0.0,9.0,15.04055989167849,17709.488379001617
1525,0.0,10.0,15.289059060532225,17716.566448688507
1526,0.0,9.0,15.021236447428992,17723.17197561264
1527,0.0,9.0,15.000267676115875,17729.90073990822
1528,0.0,12.0,14.916037889257012,17737.85430788994
1529,0.0,10.0,15.488167787334095,17744.883979082108
1530,0.0,9.0,15.178311973858172,17751.542155504227
1531,0.0,9.0,15.325278689747911,17758.38821029663
1532,0.0,10.0,15.594781202500215,17765.657366991043
1533,0.0,10.0,15.252043995724343,17772.92718410492
1534,0.0,9.0,14.9908217054667,17779.72617840767
1535,0.0,10.0,14.926863857012659,17786.93917107582
1536,0.0,10.0,15.06862779569848,17799.021585464478
1537,0.0,9.0,15.21423025954707,17805.427956342697
1538,0.0,9.0,15.161493487062392,17812.118146896362
1539,0.0,100.0,-16.851371753568383,17849.552032232285
1540,0.0,10.0,15.210103046479766,17857.05414032936
1541,0.0,11.0,14.627192372047984,17866.02897286415
1542,0.0,9.0,15.077265272675827,17872.461013317108
1543,0.0,10.0,14.791686166497897,17879.769567012787
1544,0.0,10.0,14.862111401213976,17886.777706623077
1545,0.0,9.0,15.316714511558839,17893.423770189285
1546,0.0,10.0,14.945913478837014,17900.487741708755
1547,0.0,9.0,15.428006639785469,17907.094763040543
1548,0.0,9.0,15.124310402387161,17913.78104710579
1549,0.0,9.0,15.368498848691168,17925.331926345825
1550,0.0,9.0,15.167196747999691,17937.07333087921
1551,0.0,10.0,15.135742151670295,17944.508865118027
1552,0.0,9.0,15.185980924870938,17951.14660692215
1553,0.0,9.0,15.29342851155172,17957.77947449684
1554,0.0,9.0,15.021971870602634,17964.339645147324
1555,0.0,9.0,15.437064285839828,17976.067585229874
1556,0.0,10.0,15.01130087003844,17983.022030353546
1557,0.0,9.0,15.091192285392042,17989.808394670486
1558,0.0,48.0,7.305741088671871,18000.21252155304
1559,0.0,9.0,15.323608553943421,18007.07374882698
1560,0.0,9.0,15.367890518313455,18013.688002586365
1561,0.0,9.0,15.158201715328627,18020.33890748024
1562,0.0,9.0,14.993212621946817,18030.991951704025
1563,0.0,9.0,15.438410361147266,18037.614667654037
1564,0.0,8.0,15.2523947896531,18043.874475240707
1565,0.0,9.0,15.397884948751425,18050.56365084648
1566,0.0,8.0,15.342191615238509,18056.943801879883
1567,0.0,9.0,15.369542144135456,18063.64899802208
1568,0.0,10.0,15.123324175585896,18070.841395378113
1569,0.0,10.0,14.84624183191119,18079.634253501892
1570,0.0,9.0,15.245081716615346,18086.428899765015
1571,0.0,13.0,14.233769524661021,18094.050105571747
1572,0.0,10.0,15.452782815817272,18106.271885871887
1573,0.0,9.0,15.537361734689455,18113.0784907341
1574,0.0,10.0,15.12159359245124,18125.357063770294
1575,0.0,9.0,15.345545981194896,18132.170724391937
1576,0.0,9.0,15.479064387122104,18139.0829641819
1577,0.0,11.0,14.924025729411456,18147.090990781784
1578,0.0,10.0,14.936236627940197,18154.502676963806
1579,0.0,10.0,14.816403651404622,18161.644649982452
1580,0.0,8.0,15.187320321819149,18167.9707095623
1581,0.0,9.0,15.105321532085135,18174.318670988083
1582,0.0,100.0,-15.7245179244983,18203.671407938004
1583,0.0,9.0,15.356214222780661,18210.38403058052
1584,0.0,12.0,15.051270433317669,18218.105718374252
1585,0.0,12.0,14.700015496476677,18226.179730415344
1586,0.0,11.0,14.845959824232846,18234.492036104202
1587,0.0,100.0,-15.423022940779495,18272.732125520706
1588,0.0,10.0,15.086485263629443,18279.86576628685
1589,0.0,11.0,14.875837157123886,18287.53765320778
1590,0.0,10.0,15.250425229473022,18294.95135164261
1591,0.0,9.0,15.08003577617028,18302.140641212463
1592,0.0,9.0,15.17165916339668,18308.75560951233
1593,0.0,13.0,14.772751142467992,18318.141840696335
1594,0.0,9.0,15.254397070891741,18324.878571748734
1595,0.0,11.0,14.70181164184257,18332.574993133545
1596,0.0,9.0,15.018010217590586,18339.399703025818
1597,0.0,10.0,15.376455471180751,18346.640417814255
1598,0.0,10.0,14.895172345384308,18353.538329601288
1599,0.0,9.0,15.524685594986659,18360.303770542145
1600,0.0,9.0,14.985515913505418,18367.055823087692
1601,0.0,11.0,15.06335872989369,18379.72738647461
1602,0.0,9.0,15.135241661537595,18386.377241134644
1603,0.0,9.0,15.535241484395463,18393.07810640335
1604,0.0,10.0,15.269639747550114,18400.07621192932
1605,0.0,10.0,15.523920079569672,18412.39901995659
1606,0.0,47.0,7.801008501025928,18422.95341014862
1607,0.0,11.0,14.633294313206136,18434.22637939453
1608,0.0,9.0,15.161251663537572,18440.91624879837
1609,0.0,9.0,15.172211589858781,18449.29049348831
1610,0.0,20.0,13.078895794560637,18463.5576877594
1611,0.0,9.0,15.1663141042219,18470.319415569305
1612,0.0,9.0,15.489314759900292,18477.317913770676
1613,0.0,9.0,15.027003847195992,18484.528785705566
1614,0.0,9.0,15.15307829728608,18494.114295482635
1615,0.0,10.0,15.425715039437915,18501.387391090393
1616,0.0,10.0,14.795586642512667,18508.272643089294
1617,0.0,10.0,15.18608638300609,18520.89504814148
1618,0.0,10.0,15.142667743377466,18528.267940998077
1619,0.0,9.0,15.549127015125368,18535.035608768463
1620,0.0,100.0,-18.117095431041566,18568.492384195328
1621,0.0,16.0,13.640071112483419,18577.9335334301
1622,0.0,9.0,15.587882336207649,18584.767635583878
1623,0.0,9.0,15.041542979358818,18596.374999046326
1624,0.0,9.0,14.969214765089527,18603.47183394432
1625,0.0,10.0,15.368241431479174,18610.494684934616
1626,0.0,10.0,14.890038825422453,18622.69491791725
1627,0.0,10.0,15.439800965068759,18635.95235157013
1628,0.0,100.0,-17.449881619073523,18656.214423894882
1629,0.0,10.0,15.205495304314635,18663.57976746559
1630,0.0,13.0,14.786814292800742,18672.625009059906
1631,0.0,9.0,15.399640059144698,18679.643970489502
1632,0.0,9.0,15.518320305442618,18686.677781820297
1633,0.0,10.0,15.482943563893862,18694.2241230011
1634,0.0,9.0,15.13480317008334,18700.89196062088
1635,0.0,10.0,15.13140441365448,18712.954646110535
1636,0.0,10.0,14.971329411374988,18720.57741189003
1637,0.0,9.0,15.535377683187605,18727.288258075714
1638,0.0,9.0,15.359847105168186,18734.104761123657
1639,0.0,9.0,15.061113873452971,18740.710141181946
1640,0.0,11.0,15.074200642636963,18748.35482430458
1641,0.0,10.0,15.574491149264155,18755.846821308136
1642,0.0,9.0,15.064823250576659,18762.540592432022
1643,0.0,9.0,15.49686879942068,18769.386045217514
1644,0.0,10.0,15.350391133361452,18776.733633995056
1645,0.0,9.0,15.44172041295872,18783.66256380081
1646,0.0,9.0,14.998484091287715,18795.696837425232
1647,0.0,9.0,15.15004183548277,18802.55787396431
1648,0.0,8.0,15.259891766726561,18808.98765063286
1649,0.0,10.0,15.348502062918788,18816.449791908264
1650,0.0,8.0,15.221802652239973,18822.831253051758
1651,0.0,9.0,15.016283715370102,18829.94449186325
1652,0.0,10.0,15.163606605438886,18837.4133412838
1653,0.0,9.0,15.04230497440594,18844.159633159637
1654,0.0,8.0,15.389622219733383,18850.432905435562
1655,0.0,9.0,15.26162755516004,18857.323481321335
1656,0.0,18.0,13.26426770054421,18865.544451236725
1657,0.0,30.0,11.162254736306883,18874.19095826149
1658,0.0,11.0,14.883641577758606,18881.809718847275
1659,0.0,9.0,14.991605129333047,18888.454544067383
1660,0.0,9.0,15.253987027060251,18895.50168800354
1661,0.0,9.0,15.32252220813842,18902.165366888046
1662,0.0,9.0,15.09244253539929,18908.733797073364
1663,0.0,9.0,15.269839905998516,18915.415892601013
1664,0.0,100.0,-14.615132692985133,18929.921449899673
1665,0.0,9.0,15.650236054747559,18942.321654319763
1666,0.0,10.0,15.5051804966017,18949.38059258461
1667,0.0,10.0,15.505360676209857,18956.679240465164
1668,0.0,100.0,-16.219526687755575,18970.938030958176
1669,0.0,9.0,15.148010357012735,18977.706998586655
1670,0.0,10.0,15.65707479478586,18985.101364850998
1671,0.0,9.0,15.333849629060111,18991.823848247528
1672,0.0,10.0,15.25110324368923,18999.111315965652
1673,0.0,8.0,15.186709948385046,19005.247968912125
1674,0.0,9.0,15.329210847210822,19011.888417959213
1675,0.0,9.0,15.432527573549578,19018.595868587494
1676,0.0,8.0,15.29407415406887,19024.56226491928
1677,0.0,9.0,15.004379410564743,19031.201156139374
1678,0.0,9.0,15.272742870668434,19037.88693547249
1679,0.0,10.0,15.411222523721698,19045.193431854248
1680,0.0,21.0,13.08767071592025,19053.187664747238
1681,0.0,24.0,11.98149293334517,19061.617194890976
1682,0.0,9.0,15.538979663936791,19068.269596338272
1683,0.0,9.0,15.531550682693922,19074.884987831116
1684,0.0,9.0,15.029430578201094,19081.57873749733
1685,0.0,10.0,15.098790075941647,19089.002867937088
1686,0.0,8.0,15.23382462022724,19095.029703855515
1687,0.0,100.0,-17.02189425042307,19120.44969558716
1688,0.0,10.0,15.108181801501287,19127.764155626297
1689,0.0,9.0,15.245531336444522,19134.38529253006
1690,0.0,10.0,15.444910959192214,19141.46785545349
1691,0.0,9.0,15.577506004033886,19148.272112846375
1692,0.0,9.0,15.50713241036303,19154.981194019318
1693,0.0,12.0,14.738917555755155,19162.405232191086
1694,0.0,9.0,15.243331833056782,19169.182454824448
1695,0.0,10.0,14.929592300239856,19176.227831602097
1696,0.0,9.0,15.058328628982107,19182.881924152374
1697,0.0,10.0,14.981617421809975,19190.14372062683
1698,0.0,11.0,15.268326152780476,19197.807730913162
1699,0.0,9.0,15.260144806691251,19209.42499423027
1700,0.0,16.0,14.197294559150693,19216.915191411972
1701,0.0,9.0,15.026789064184236,19223.675376415253
1702,0.0,10.0,15.200954436754621,19230.757780075073
1703,0.0,14.0,14.435735420507836,19238.9194316864
1704,0.0,9.0,15.153218383132451,19246.058730840683
1705,0.0,9.0,15.370568471317355,19252.773215293884
1706,0.0,9.0,15.166381511054539,19264.506426095963
1707,0.0,9.0,15.290991140174151,19271.211133480072
1708,0.0,10.0,15.284889527495286,19278.62289071083
1709,0.0,9.0,15.440279004795597,19290.246106386185
1710,0.0,9.0,15.117789731101702,19296.878936052322
1711,0.0,10.0,15.260671451896307,19304.21730017662
1712,0.0,10.0,14.888445997061357,19311.434321641922
1713,0.0,9.0,15.582595188676855,19318.236643075943
1714,0.0,9.0,15.488974399662771,19324.86169910431
1715,0.0,17.0,13.70237178652751,19333.67032122612
1716,0.0,9.0,15.228188689322739,19340.353917837143
1717,0.0,35.0,9.980578223645823,19349.82860469818
1718,0.0,9.0,15.194975588046972,19356.440207481384
1719,0.0,9.0,15.034372569738977,19363.08669066429
1720,0.0,12.0,14.847380036207518,19370.340616226196
1721,0.0,11.0,14.739030278583714,19377.65318775177
1722,0.0,8.0,15.333212553787732,19383.98326945305
1723,0.0,9.0,15.282782178976559,19390.698450565338
1724,0.0,10.0,14.98183579322067,19398.089094638824
1725,0.0,8.0,15.203111381735152,19404.09285712242
1726,0.0,8.0,15.296247780140975,19410.11044549942
1727,0.0,9.0,15.266550733602813,19416.766904592514
1728,0.0,9.0,15.354484135109224,19423.483957529068
1729,0.0,9.0,15.225177827431981,19430.108296394348
1730,0.0,9.0,15.14221282126313,19436.761376857758
1731,0.0,10.0,15.393769000332584,19444.03865122795
1732,0.0,9.0,15.10005098830555,19452.847186803818
1733,0.0,8.0,15.3485337758198,19458.828254699707
1734,0.0,9.0,15.097939848232132,19465.5563082695
1735,0.0,8.0,15.292352998027782,19471.482731819153
1736,0.0,9.0,15.305466457807551,19478.226371526718
1737,0.0,10.0,15.200385669297738,19485.502265691757
1738,0.0,8.0,15.211600658603523,19491.820559740067
1739,0.0,9.0,15.177880134278052,19498.765772342682
1740,0.0,9.0,15.280094424616523,19505.425907850266
1741,0.0,10.0,15.177093813193796,19512.806960582733
1742,0.0,9.0,14.978614511549084,19519.15079498291
1743,0.0,9.0,15.466260664548024,19525.910534620285
1744,0.0,10.0,15.000196117208423,19532.90714120865
1745,0.0,8.0,15.274628351189538,19539.135264873505
1746,0.0,9.0,15.479945994844087,19546.25086236
1747,0.0,9.0,15.026654241240607,19552.907277345657
1748,0.0,9.0,15.156227511782642,19559.51834988594
1749,0.0,10.0,15.519011466109138,19566.763027668
1750,0.0,9.0,15.255624981449177,19573.3800303936
1751,0.0,9.0,15.362635724909946,19579.97984600067
1752,0.0,9.0,15.611294145700853,19586.661216259003
1753,0.0,9.0,14.978055538394573,19593.29611182213
1754,0.0,8.0,15.312034504752415,19599.304065704346
1755,0.0,8.0,15.289730625896006,19610.331694602966
1756,0.0,8.0,15.166609584701746,19616.591628074646
1757,0.0,9.0,15.589900578440187,19623.25988841057
1758,0.0,10.0,15.033712212480822,19630.25351715088
1759,0.0,12.0,14.37660522388761,19637.67605805397
1760,0.0,9.0,15.208243299302293,19649.429533720016
1761,0.0,9.0,15.05637345323027,19656.02148938179
1762,0.0,9.0,15.203243090957791,19662.67780327797
1763,0.0,9.0,15.286254223781647,19669.355758666992
1764,0.0,8.0,15.206537027865295,19675.34389948845
1765,0.0,9.0,15.380641703515362,19682.07514023781
1766,0.0,8.0,15.30056407735461,19688.045459508896
1767,0.0,8.0,15.37769087685895,19694.488929748535
1768,0.0,9.0,15.158678383424826,19701.184233427048
1769,0.0,9.0,15.399989970488278,19707.781972646713
1770,0.0,9.0,15.377363972633196,19714.440999746323
1771,0.0,9.0,15.545906054014985,19721.090801477432
1772,0.0,9.0,15.271635059438383,19727.8230342865
1773,0.0,9.0,15.448123710462433,19734.57519865036
1774,0.0,10.0,15.223431977667314,19741.870195150375
1775,0.0,10.0,15.305610946868953,19749.05597949028
1776,0.0,9.0,15.71420144145695,19755.721990585327
1777,0.0,9.0,15.567221017301012,19762.370448112488
1778,0.0,100.0,-15.889922241980598,19781.17561507225
1779,0.0,9.0,15.481228360007833,19787.87867999077
1780,0.0,9.0,15.588641226132374,19794.749854326248
1781,0.0,9.0,15.273342549771629,19801.56273174286
1782,0.0,60.0,4.892540010675639,19812.360952854156
1783,0.0,11.0,14.81552570377724,19829.672461748123
1784,0.0,10.0,15.362642236785334,19836.950152158737
1785,0.0,9.0,15.078622531898866,19843.932110786438
1786,0.0,9.0,15.120091700211422,19850.535670518875
1787,0.0,10.0,15.171664943879215,19862.83661389351
1788,0.0,10.0,15.143055198136624,19869.62223649025
1789,0.0,9.0,15.167947799687623,19876.360248565674
1790,0.0,10.0,14.831294263295447,19883.793858766556
1791,0.0,9.0,15.124985899901082,19890.68122458458
1792,0.0,10.0,14.909165832626616,19898.087004184723
1793,0.0,10.0,15.017021484460274,19905.563755989075
1794,0.0,9.0,15.028180790371703,19912.32550096512
1795,0.0,9.0,15.194710899269818,19919.06223320961
1796,0.0,9.0,15.352392792066453,19925.778836011887
1797,0.0,9.0,15.290439384427302,19932.51167654991
1798,0.0,9.0,15.343550110024228,19939.27291059494
1799,0.0,10.0,15.370172372486422,19946.59890818596
1800,0.0,9.0,15.577304205822402,19953.395351171494
1801,0.0,10.0,15.366641560460149,19965.633311510086
1802,0.0,11.0,15.145742967458194,19973.06290459633
1803,0.0,100.0,-14.975411779514051,19986.939298391342
1804,0.0,9.0,15.339636181539438,19993.56602048874
1805,0.0,9.0,15.283310529071196,20000.194755792618
1806,0.0,9.0,15.280053431261361,20006.850880384445
1807,0.0,9.0,15.448865699153838,20013.85847043991
1808,0.0,8.0,15.352588985548977,20020.092715978622
1809,0.0,9.0,15.275937164251232,20026.77405142784
1810,0.0,9.0,15.548901523377712,20033.46721959114
1811,0.0,10.0,14.938018608255197,20040.87765431404
1812,0.0,10.0,15.34025042681966,20048.183911561966
1813,0.0,9.0,15.154385558924261,20054.998070001602
1814,0.0,11.0,14.778088060759817,20062.446880817413
1815,0.0,9.0,15.42222738927891,20069.239996433258
1816,0.0,9.0,15.35034509260506,20075.90545487404
1817,0.0,10.0,15.399956920297122,20087.944263219833
1818,0.0,10.0,14.960924329200392,20095.241270542145
1819,0.0,10.0,15.601031660240297,20102.420458316803
1820,0.0,10.0,15.072946636863046,20114.480872392654
1821,0.0,9.0,15.158655080942108,20121.34587931633
1822,0.0,9.0,15.623605383277512,20128.03112888336
1823,0.0,9.0,15.346574617665127,20134.82995247841
1824,0.0,10.0,14.845213413967477,20143.44723200798
1825,0.0,9.0,15.132048973573712,20150.124732255936
1826,0.0,9.0,15.181509545885046,20156.693065166473
1827,0.0,10.0,15.055150722996967,20163.815547704697
1828,0.0,10.0,15.189307534993286,20171.385341644287
1829,0.0,9.0,15.316966051993159,20178.053660154343
1830,0.0,9.0,15.48480260287721,20184.729459524155
1831,0.0,9.0,15.076063353430458,20191.311286211014
1832,0.0,9.0,15.45350474196874,20198.02195239067
1833,0.0,10.0,14.902505386555795,20205.328593730927
1834,0.0,9.0,15.096624151649582,20212.0626745224
1835,0.0,9.0,15.357261443593744,20218.728882312775
1836,0.0,9.0,15.256605398673376,20225.36529159546
1837,0.0,9.0,15.040031931200442,20232.08682489395
1838,0.0,9.0,15.063391304757047,20239.058334589005
1839,0.0,100.0,-13.619853809800588,20257.407660484314
1840,0.0,10.0,15.04864980881933,20264.581521511078
1841,0.0,9.0,15.22096152170936,20271.2423787117
1842,0.0,9.0,15.494347124119004,20278.090204954147
1843,0.0,9.0,15.021855991234453,20284.86232995987
1844,0.0,9.0,15.335901783101306,20291.520451784134
1845,0.0,10.0,15.128453652308757,20298.74513077736
1846,0.0,9.0,15.039866876280925,20305.860270261765
1847,0.0,10.0,15.074918733230927,20318.20393371582
1848,0.0,9.0,15.197984970461922,20324.86589360237
1849,0.0,35.0,10.041475877434594,20334.047178268433
1850,0.0,10.0,15.13645722295539,20341.17062306404
1851,0.0,9.0,15.041554539016419,20347.573982715607
1852,0.0,9.0,15.041117345944574,20354.26438474655
1853,0.0,9.0,15.029003800647297,20360.826435804367
1854,0.0,10.0,14.90946253181776,20367.98837542534
1855,0.0,9.0,15.25858829038121,20374.8008248806
1856,0.0,9.0,15.034353749636152,20381.433655500412
1857,0.0,9.0,15.18306077222171,20388.081845521927
1858,0.0,9.0,15.325022358013177,20400.193001508713
1859,0.0,9.0,14.981433963512,20411.935131311417
1860,0.0,9.0,15.463017926201708,20418.61296391487
1861,0.0,10.0,15.350377931982045,20425.632222414017
1862,0.0,10.0,14.79177861909254,20432.69531083107
1863,0.0,10.0,15.40451801262309,20439.75708770752
1864,0.0,9.0,15.065238594807784,20446.39248228073
1865,0.0,10.0,15.078464632037056,20453.433069229126
1866,0.0,9.0,15.189058577487547,20460.10280227661
1867,0.0,9.0,15.612120141682242,20466.946431159973
1868,0.0,9.0,15.369863124390818,20473.596887350082
1869,0.0,10.0,15.179429629015052,20485.444272518158
1870,0.0,10.0,14.970575376954137,20497.68064713478
1871,0.0,10.0,15.487629196782489,20504.92040324211
1872,0.0,10.0,15.114571167089927,20511.92262983322
1873,0.0,12.0,15.04035413957076,20520.07622742653
1874,0.0,10.0,15.016936574145138,20527.243431568146
1875,0.0,9.0,15.094144855404139,20533.860240459442
1876,0.0,9.0,15.048345184434062,20540.60808491707
1877,0.0,10.0,15.128103721470442,20547.817128896713
1878,0.0,10.0,15.241189075835997,20555.192422389984
1879,0.0,9.0,14.998487563113981,20561.853967905045
1880,0.0,10.0,15.141866556233044,20569.299412727356
1881,0.0,9.0,15.069296716730712,20575.922459363937
1882,0.0,8.0,15.234784286280892,20581.91276907921
1883,0.0,11.0,15.112127065172327,20589.746522903442
1884,0.0,10.0,14.821918438976681,20602.088329553604
1885,0.0,10.0,15.043232805234712,20609.0922870636
1886,0.0,9.0,15.076670406569818,20615.75847697258
1887,0.0,10.0,15.176381773865513,20622.816883802414
1888,0.0,9.0,15.265201789491403,20634.428059339523
1889,0.0,9.0,15.411210547720737,20641.100574731827
1890,0.0,10.0,15.081692872056355,20648.414254188538
1891,0.0,9.0,15.017651952801486,20660.189695835114
1892,0.0,9.0,15.616513038704937,20666.830295324326
1893,0.0,9.0,14.973477118929623,20673.49682188034
1894,0.0,10.0,15.172907521477766,20680.433876752853
1895,0.0,9.0,15.252230676347729,20687.16155409813
1896,0.0,10.0,15.11781848037769,20694.2697558403
1897,0.0,9.0,15.501425005626173,20701.072479486465
1898,0.0,9.0,15.314169235875507,20713.31848716736
1899,0.0,9.0,15.244760668468682,20720.474850416183
1900,0.0,10.0,15.379720054238433,20727.539266586304
1901,0.0,9.0,15.185796881609955,20734.21713232994
1902,0.0,9.0,15.251833724353594,20740.91621685028
1903,0.0,10.0,15.109180606678072,20748.18977379799
1904,0.0,9.0,15.332228939858211,20754.984544038773
1905,0.0,10.0,15.452493986336131,20762.02712869644
1906,0.0,12.0,14.476004150410741,20770.062631845474
1907,0.0,9.0,15.080994546344717,20776.701464414597
1908,0.0,9.0,15.133805443641863,20783.305509328842
1909,0.0,9.0,14.983005567675049,20789.961085557938
1910,0.0,11.0,14.901942011657386,20797.566576480865
1911,0.0,10.0,15.189240504248286,20804.67010641098
1912,0.0,9.0,15.420386481289732,20816.336272478104
1913,0.0,21.0,13.095208773810741,20824.750595331192
1914,0.0,10.0,15.186896856905094,20832.06258869171
1915,0.0,9.0,15.38629902124529,20838.87525987625
1916,0.0,9.0,14.991099838637435,20845.472794532776
1917,0.0,9.0,15.071346240969756,20851.88323187828
1918,0.0,10.0,15.468194871976966,20859.591626405716
1919,0.0,10.0,15.10608089322384,20867.28963637352
1920,0.0,9.0,15.59004406257939,20874.053001642227
1921,0.0,9.0,14.983365475226716,20880.701311826706
1922,0.0,9.0,15.444031136591025,20887.36561012268
1923,0.0,9.0,15.092850710323521,20893.988582611084
1924,0.0,10.0,15.180813797372984,20901.219093322754
1925,0.0,9.0,15.363809921622572,20907.89545893669
1926,0.0,10.0,15.293236315245782,20919.96705889702
1927,0.0,9.0,15.36685986201945,20926.748604297638
1928,0.0,10.0,15.034869168497796,20933.848296880722
1929,0.0,9.0,15.305412016972255,20940.642983198166
1930,0.0,9.0,15.489078266750557,20947.2934319973
1931,0.0,9.0,15.455833153020265,20953.91828560829
